备注,int,bool,float[3],string,string,string,string,string,string,string,int,int,float,float,int,string,string,,,,,
名字,ID,是否复杂模型,模型缩放,模型文件,换材质,头,身体,手,脚,腰,半径,碰撞类型,移动速度,攻击速度,死亡方式,死亡模型文件,出生模型文件,附身特效文件,link点名,附加皮肤,骑乘动作尾缀,备注
五台新手,1,1,,role_wt_m_01,,a_wt_m_hea_00,a_wt_m_clo_00,a_wt_m_glo_00,a_wt_m_sho_00,a_wt_m_wai_00,20,1,80,1,2,,,,,,,
五台1转,2,1,,pf01,,apf05,bpf05,hpf05,lpf05,,20,1,80,1,2,,,,,,,
蜀山新手,3,1,,role_ss_m_01,,a_ss_m_hea_00,a_ss_m_clo_00,a_ss_m_glo_00,a_ss_m_sho_00,a_ss_m_wai_00,20,1,75,1.3,2,,,,,,,
蜀山1转,4,1,,apn05,,apn05,bpn05,hpn05,lpn05,,20,1,75,1.3,2,,,,,,,
苗疆新手,5,1,,role_mj_f_01,,a_mj_f_hea_00,a_mj_f_clo_00,a_mj_f_glo_00,a_mj_f_sho_00,a_mj_f_wai_00,20,1,120,1.3,2,,,,,,,
苗疆1转,6,1,,pt01,,apt05,bpt05,hpt05,lpt05,,20,1,75,1.3,2,,,,,,,
花间新手,7,1,,role_hj_f_01,,a_hj_f_hea_00,a_hj_f_clo_00,a_hj_f_glo_00,a_hj_f_sho_00,a_hj_f_wai_00,20,1,120,1.3,2,,,,,,,
花间1转,8,1,,ph01,,apn05,bph05,hph05,lph05,,20,1,65,1.3,2,,,,,,,
蜀山女新手,9,1,,,,,,,,,20,1,75,1.3,2,,,,,,,
蜀山女1转,10,1,,,,,,,,,20,1,75,1.3,2,,,,,,,
圣巫女新手,11,1,,role_mj_f_01,,a_mj_f_hea_00,a_mj_f_clo_00,a_mj_f_glo_00,a_mj_f_sho_00,a_mj_f_wai_00,20,1,75,1.3,2,,,,,,,
圣巫女1转,12,1,,,,,,,,,20,1,75,1.3,2,,,,,,,
苗疆女狼,13,1,,role_mj_wolf_01,,,,,,,20,1,120,1.3,2,,,,,,,
五台2转,14,1,,pf01,,apf09,bpf09,hpf09,lpf09,,20,1,80,1,2,,,,,,,
蜀山2转,15,1,,pn01,,apn09,bpn09,hpn09,lpn09,,20,1,75,1.3,2,,,,,,,
苗疆2转,16,1,,pt01,,apt09,bpt09,hpt09,lpt09,,20,1,75,1.3,2,,,,,,,
花间2转,17,1,,ph01,,apn09,bph09,hph09,lph09,,20,1,65,1.3,2,,,,,,,
蜀山女2转,18,1,,,,,,,,,20,1,75,1.3,2,,,,,,,
苗疆女2转,19,1,,,,,,,,,20,1,65,1.3,2,,,,,,,
,,,,,,,,,,,,,,,,,,,,,,
新手接待,21,0,"1.1,1.1,1.1",npc021,,,,,,,20,1,30,1,3,,,,,,,
村长,22,0,"1,1,1",npc022,,,,,,,20,1,30,1,3,,,,,,,
铁匠郭实,23,0,"0.8,0.8,0.8",npc023,,,,,,,20,1,30,1,3,,,,,,,
老道士药品商,24,0,"1,1,1",npc024,,,,,,,20,1,30,1,3,,,,,,,
成衣铺云娘,25,0,"0.9,0.9,0.9",npc025,,,,,,,20,1,30,1,3,,,,,,,
小男孩赤,26,0,"1.1,1.1,1.1",npc026,,,,,,,20,1,30,1,3,,,,,,,
书生,27,0,"1.1,1.1,1.1",npc027,,,,,,,20,1,30,1,3,,,,,,,
农夫张大根,28,0,"1,1,1",npc028,,,,,,,20,1,30,1,3,,,,,,,
卫兵张虎,30,0,"1.1,1.1,1.1",npc030,,,,,,,20,1,30,1,3,,,,,,,
武将李程,31,0,"1.1,1.1,1.1",npc031,,,,,,,20,1,30,1,3,,,,,,,
老和尚,32,0,"1.1,1.1,1.1",npc032,,,,,,,20,1,30,1,3,,,,,,,
小和尚灰,33,0,"1,1,1",npc033,,,,,,,20,1,30,1,3,,,,,,,
农妇,34,0,"1,1,1",npc034,,,,,,,20,1,30,1,3,,,,,,,
城市男铁匠,35,0,"1.1,1.1,1.1",npc035,,,,,,,20,1,30,1,3,,,,,,,
药品商于梦极青,36,0,"1,1,1",npc036,,,,,,,20,1,30,1,3,,,,,,,
杂货商张货郎,38,0,"1.1,1.1,1.1",npc038,,,,,,,20,1,30,1,3,,,,,,,
仓库管理员,39,0,"2.8,2.8,2.8",npc039,,,,,,,20,1,30,1,3,,,,,,,
建筑木匠,41,0,"1,1,1",npc041,,,,,,,20,1,30,1,3,,,,,,,
管家薛三,42,0,"1,1,1",npc042,,,,,,,20,1,30,1,3,,,,,,,
郡守武官,43,0,"1,1,1",npc043,,,,,,,20,1,30,1,3,,,,,,,
老乞丐,44,0,"2.8,2.8,2.8",npc044,,,,,,,20,1,30,1,3,,,,,,,
老尼姑,45,0,"2.8,2.8,2.8",npc045,,,,,,,20,1,30,1,3,,,,,,,
少数民族男铁匠蓝,46,0,"1.3,1.3,1.3",npc046,,,,,,,20,1,30,1,3,,,,,,,
少数民族女青,47,0,"1.2,1.2,1.2",npc047,,,,,,,20,1,30,1,3,,,,,,,
少数民族小女孩,48,0,"1,1,1",npc048,,,,,,,20,1,30,1,3,,,,,,,
男蜀山,49,0,"1.1,1.1,1.1",npc049,,,,,,,20,1,30,1,3,,,,,,,
女花间,51,0,"1.1,1.1,1.1",npc051,,,,,,,20,1,30,1,3,,,,,,,
玄真子,52,0,"1.1,1.1,1.1",npc052,,,,,,,20,1,30,1,3,,,,,,,
哲英,53,0,"1.1,1.1,1.1",npc053,,,,,,,20,1,30,1,3,,,,,,,
穆莹,54,0,"1.1,1.1,1.1",npc054,,,,,,,20,1,30,1,3,,,,,,,
玉芙蓉,55,0,"1.1,1.1,1.1",npc055,,,,,,,20,1,30,1,3,,,,,,,
林长志,56,0,"1.1,1.1,1.1",npc056,,,,,,,20,1,30,1,3,,,,,,,
琴凝如,57,0,"1.1,1.1,1.1",npc057,,,,,,,20,1,30,1,3,,,,,,,
齐漱溟,58,0,"1,1,1",npc058,,,,,,,20,1,30,1,3,,,,,,,
游方商人,61,0,"1.2,1.2,1.2",npc061,,,,,,,20,1,30,1,3,,,,,,,
老头药农,62,0,"1,1,1",npc062,,,,,,,20,1,30,1,3,,,,,,,
店小二,63,0,"1,1,1",npc063,,,,,,,20,1,30,1,3,,,,,,,
老太婆,65,0,"2.8,2.8,2.8",npc065,,,,,,,20,1,30,1,3,,,,,,,
胖文官,67,0,"1,1,1",npc067,,,,,,,20,1,30,1,3,,,,,,,
怪叫花,68,0,"1,1,1",npc068,,,,,,,20,1,30,1,3,,,,,,,
小男孩绿,69,0,"1.1,1.1,1.1",npc069,,,,,,,20,1,30,1,3,,,,,,,
小男孩灰,70,0,"1.1,1.1,1.1",npc070,,,,,,,20,1,30,1,3,,,,,,,
小男孩朱,71,0,"1.1,1.1,1.1",npc071,,,,,,,20,1,30,1,3,,,,,,,
小男孩蓝,72,0,"1.1,1.1,1.1",npc072,,,,,,,20,1,30,1,3,,,,,,,
告示牌,73,0,"0.7,0.7,0.7",npc073,,,,,,,50,1,30,1,3,,,,,,,
小道童,74,0,"1,1,1",npc074,,,,,,,20,1,30,1,3,,,,,,,
月容公主,75,0,"1,1,1",npc075,,,,,,,20,1,30,1,3,,,,,,,
复活石,78,0,"1.3,1.3,1.3",npc078,,,,,,,20,1,30,1,3,,,,,,,
宇文成都,80,0,"1,1,1",npc080,,,,,,,20,1,60,1,3,,,,,,,
伍天锡,83,0,"1,1,1",npc083,,,,,,,20,1,60,1,3,,,,,,,
伍云召,84,0,"1,1,1",npc084,,,,,,,20,1,60,1,3,,,,,,,
罗成,85,0,"1,1,1",npc085,,,,,,,20,1,60,1,3,,,,,,,
魏文通,87,0,"1,1,1",npc087,,,,,,,20,1,60,1,3,,,,,,,
尚师徒,89,0,"1,1,1",npc089,,,,,,,20,1,60,1,3,,,,,,,
隋炀帝杨广,92,0,"1,1,1",npc082,,,,,,,20,1,30,1,3,,,,,,,
太监总管,95,0,"1,1,1",npc095,,,,,,,20,1,30,1,3,,,,,,,
皇城卫兵,97,0,"1,1,1",npc097,,,,,,,20,1,30,1,3,,,,,,,
藏民男,100,0,"2.5,2.5,2.5",npc100,,,,,,,20,1,30,1,3,,,,,,,
小女孩,102,0,"1,1,1",npc102,,,,,,,20,1,30,1,3,,,,,,,
疯道士,103,0,"1,1,1",npc103,,,,,,,20,1,30,1,3,,,,,,,
圣祭司巫雨,118,0,"5.8,5.8,5.8",npc118,,,,,,,20,1,30,1,3,,,,,,,
觋祭司巫晴,119,0,"1,1,1",npc119,,,,,,,20,1,30,1,3,,,,,,,
农夫张二根,201,0,"1,1,1",npc028,npc028_02,,,,,,20,1,30,1,3,,,,,,,
农夫张三根,202,0,"1,1,1",npc028,npc028_03,,,,,,20,1,30,1,3,,,,,,,
小和尚黄,203,0,"1,1,1",npc033,npc033_02,,,,,,20,1,30,1,3,,,,,,,
少数民族女灰,204,0,"1,1,1",npc047,npc047_02,,,,,,20,1,30,1,3,,,,,,,
药品商于梦极紫,205,0,"1,1,1",npc036,npc036_02,,,,,,20,1,30,1,3,,,,,,,
药品商于梦极蓝,206,0,"1,1,1",npc036,npc036_03,,,,,,20,1,30,1,3,,,,,,,
药品商于梦极黄,207,0,"1,1,1",npc036,npc036_04,,,,,,20,1,30,1,3,,,,,,,
药品商于梦极红,208,0,"1,1,1",npc036,npc036_05,,,,,,20,1,30,1,3,,,,,,,
死亡妖狐,209,0,"0.3,0.3,0.3",mon144a_01,,,,,,,20,1,120,1,3,,,,,,,
母兔子,210,0,"1,1,1",mon001,,,,,,,20,1,45,1,2,,,,,,,
武师童千岳,216,0,"1.1,1.1,1.1",npc106,,,,,,,20,1,30,1,3,,,,,,,
金蚕蛊巫卜伦仆,217,0,"1.1,1.1,1.1",npc120,,,,,,,20,1,30,1,3,,,,,,,
夺神蛊巫夕三姑,218,0,"1.1,1.1,1.1",npc121,,,,,,,20,1,30,1,3,,,,,,,
巫英,219,0,"1.1,1.1,1.1",npc122,,,,,,,20,1,30,1,3,,,,,,,
咒音明王温天侯,220,0,"1.1,1.1,1.1",npc123,,,,,,,20,1,30,1,3,,,,,,,
圣智明王云盖天,221,0,"1.1,1.1,1.1",npc124,,,,,,,20,1,30,1,3,,,,,,,
少数民族男铁匠灰,222,0,"1.1,1.1,1.1",npc046,npc046_02,,,,,,20,1,30,1,3,,,,,,,
五台掌门司徒云,223,0,"1.1,1.1,1.1",npc107,,,,,,,20,1,30,1,3,,,,,,,
死亡阿修罗精英女弟子,224,0,"1.1,1.1,1.1",mon116_01,,,,,,,20,1,30,1,3,,,,,,,
武将行尸尸体,225,0,"1,1,1",mon170_01,,,,,,,20,1,30,1,3,,,,,,,
小动物狗,226,0,"2,2,2",npcgou,,,,,,,20,1,30,1,3,,,,,,,
小动物母鸡,227,0,"2,2,2",npcji,,,,,,,20,1,30,1,3,,,,,,,
小动物白马,228,0,"1,1,1",npcma,,,,,,,20,1,30,1,3,,,,,,,
小动物黑马,229,0,"1,1,1",npcma,npcma_02,,,,,,20,1,30,1,3,,,,,,,
小动物棕马,230,0,"1,1,1",npcma,npcma_03,,,,,,20,1,30,1,3,,,,,,,
,,,,,,,,,,,,,,,,,,,,,,
吐宝金蟾,280,0,"1.3,1.3,1.3",mon150,,,,,,,35,1,45,1,2,,,,,,,
通天大盗,281,0,"0.9,0.9,0.9",mon160,,,,,,,35,1,45,1,2,,,,,,,
火岩玄龟,282,0,"1,1,1",mon162,mon162_03,,,,,,35,1,50,1,2,,,,,,,
雪原玄龟,283,0,"1,1,1",mon162,mon162_02,,,,,,35,1,50,1,2,,,,,,,
,,,,,,,,,,,,,,,,,,,,,,
白月云兔,300,0,"1,1,1",mon001,,,,,,,20,1,45,1,2,,,,,,,
竹藤精赤,301,0,"1,1,1",mon002,,,,,,,25,1,45,1,2,,,,,,,
山蜘蛛赤,311,0,"1,1,1",mon011,,,,,,,35,1,45,1,2,,,,,,,
魁猪,321,0,"1,1,1",mon021,,,,,,,20,1,45,1,2,,,,,,,
巨型魁猪,322,0,"1,1,1",mon022,,,,,,,25,1,45,1,2,,,,,,,
大刀山贼,325,0,"1,1,1",mon025,,,,,,,25,1,45,1,2,,,,,,,
应声虫,327,0,"0.7,0.7,0.7",mon027,,,,,,,40,1,45,1,2,,,,,,,
玄蜂赤,335,0,"1,1,1",mon035,,,,,,,20,1,45,1,2,,,,,,,
月云兔精长弓手绿色,338,0,"1.1,1.1,1.1",mon038,,,,,,,20,1,45,1,2,,,,,,,
蚀骨鱼蓝,337,0,"1.5,1.5,1.5",mon037,,,,,,,20,1,45,1,2,,,,,,,
月云兔精长棍手粉色,339,0,"1,1,1",mon039,,,,,,,25,1,45,1,2,,,,,,,
月云兔妖后粉色,340,0,"1,1,1",mon040,,,,,,,25,1,45,1,2,,,,,,,
幼年狼妖,341,0,"1,1,1",mon041,,,,,,,25,1,90,1,2,,,,,,,
狼妖弓手,342,0,"1,1,1",mon042,,,,,,,25,1,90,1,2,,,,,,,
狼妖勇士,343,0,"1,1,1",mon043,,,,,,,25,1,90,1,2,,,,,,,
山臊,354,0,"1,1,1",mon054,,,,,,,35,1,70,1,2,,,,,,,
突厥马刀兵黄,357,0,"1,1,1",mon057,,,,,,,25,1,45,1,2,,,,,,,
突厥射手黄,358,0,"1,1,1",mon058,,,,,,,25,1,45,1,2,,,,,,,
突厥长矛手黄,359,0,"1,1,1",mon059,,,,,,,25,1,45,1,2,,,,,,,
突厥刺客黄,360,0,"1,1,1",mon060,,,,,,,25,1,60,1,2,,,,,,,
突厥首领,361,0,"1.5,1.5,1.5",mon061,,,,,,,25,1,45,1,2,,,,,,,
顽石精黑,362,0,"1,1,1",mon062,,,,,,,30,1,45,1,2,,,,,,,
绿小鬼,398,0,"1.1,1.1,1.1",mon098,,,,,,,30,1,45,1,2,,,,,,,
怒灵男虎人,411,0,"1.1,1.1,1.1",mon111,,,,,,,30,1,45,1,2,,,,,,,
怒灵女虎人,412,0,"2.5,2.5,2.5",mon112,,,,,,,30,1,45,1,2,,,,,,,
阿修罗外部女弟子,414,0,"1.1,1.1,1.1",mon114,,,,,,,30,1,45,1,2,,,,,,,
阿修罗精英男弟子,415,0,"1.1,1.1,1.1",mon115,,,,,,,30,1,45,1,2,,,,,,,
阿修罗精英女弟子,416,0,"1.1,1.1,1.1",mon116,,,,,,,30,1,45,1,2,,,,,,,
阿修罗教男守卫,417,0,"1,1,1",mon117,,,,,,,25,1,45,1,2,,,,,,,
阿修罗教女守卫,418,0,"1,1,1",mon118,,,,,,,25,1,45,1,2,,,,,,,
风生兽,440,0,"2,2,2",mon140,,,,,,,20,1,90,1,2,,,,,,,
云生兽橙,441,0,"2,2,2",mon141,,,,,,,20,1,90,1,2,,,,,,,
牡丹花精粉,442,0,"1,1,1",mon142,,,,,,,25,1,45,1,2,,,,,,,
白牡丹花精青,443,0,"1.1,1.1,1.1",mon143,,,,,,,25,1,45,1,2,,,,,,,
妖狐初阶蓝,444,0,"0.3,0.3,0.3",mon144a,,,,,,,30,1,120,1,2,,,,Box,,_01r,
三尾妖狐蓝,445,0,"0.4,0.4,0.4",mon144b,,,,,,,30,1,120,1,2,,,,Box,,_01r,
六尾妖狐蓝,446,0,"0.5,0.5,0.5",mon144c,,,,,,,30,1,120,1,2,,,,Box,,_01r,
九尾妖狐蓝,447,0,"1,1,1",mon144d,,,,,,,30,1,120,1,2,,,,Box,,_01r,
貌牛黄,448,0,"1,1,1",mon148,,,,,,,35,1,45,1,2,,,,,,,
吐宝金蟾,450,0,"1.5,1.5,1.5",mon150,,,,,,,35,1,45,1,2,,,,,,,
啸月,454,0,"1.6,1.6,1.5",mon154,,,,,,,35,1,90,1,2,,,,,,,
狼月,455,0,"1.6,1.6,1.5",mon155,,,,,,,35,1,90,1,2,,,,,,,
夜倾择人形,456,0,"1,1,1",mon156,,,,,,,35,1,90,1,2,,,,,,,
夜倾择狼形,457,0,"1,1,1",mon157,,,,,,,35,1,90,1,2,,,,,,,
巨型铁甲虫,458,0,"1,1,1",mon158,,,,,,,35,1,45,1,2,,,,,,,
怒涛鲛兽,459,0,"1,1,1",mon159,,,,,,,35,1,45,1,2,,,,,,,
飞龙寨主,460,0,"1,1,1",mon160,,,,,,,35,1,45,1,2,,,,,,,
阿修罗使者,461,0,"1,1,1",mon161,,,,,,,35,1,45,1,2,,,,,,,
草地玄龟,462,0,"1,1,1",mon162,,,,,,,35,1,45,1,2,,,,,,,
高阶蚀骨鱼赤,464,0,"1,1,1",mon164,,,,,,,35,1,45,1,2,,,,,,,
月云兔精拳手粉色,465,0,"1.1,1.1,1.1",mon165,,,,,,,35,1,45,1,2,,,,,,,
突厥巫师,466,0,"1.1,1.1,1.1",mon166,,,,,,,35,1,45,1,2,,,,,,,
突厥大巫师,467,0,"1.1,1.1,1.1",mon167,,,,,,,35,1,60,1,2,,,,,,,
黄色巨甲蟹,468,0,"1.1,1.1,1.1",mon168,,,,,,,35,1,45,1,2,,,,,,,
士兵行尸,469,0,"1.1,1.1,1.1",mon169,,,,,,,35,1,45,1,2,,,,,,,
武将行尸,470,0,"1.1,1.1,1.1",mon170,,,,,,,35,1,45,1,2,,,,,,,
符文机甲,471,0,"1.1,1.1,1.1",mon171,,,,,,,35,1,45,1,2,,,,,,,
道徒玄空,472,0,"1.1,1.1,1.1",mon172,,,,,,,35,1,45,1,2,,,,,,,
洪仁道人,473,0,"1,1,1",mon173,,,,,,,35,1,45,1,2,,,,,,,
血晶蝎王,474,0,"1,1,1",mon174,,,,,,,35,1,45,1,2,,,,,,,
红岩毒蝎赤色,475,0,"1.1,1.1,1.1",mon175,,,,,,,35,1,45,1,2,,,,,,,
突厥国师,476,0,"1,1,1",mon176,,,,,,,35,1,45,1,2,,,,,,,
突厥王爷,477,0,"1,1,1",mon177,,,,,,,35,1,45,1,2,,,,,,,
突厥女守卫赤色,478,0,"1.1,1.1,1.1",mon178,,,,,,,35,1,45,1,2,,,,,,,
突厥男士兵,479,0,"1.1,1.1,1.1",mon179,,,,,,,35,1,45,1,2,,,,,,,
洪仁道徒,480,0,"1.1,1.1,1.1",mon180,,,,,,,35,1,45,1,2,,,,,,,
岩浆晶魄,528,0,"1,1,1",mon228,,,,,,,35,1,45,1,2,,,,,,,
反隋农夫青,600,0,"1,1,1",mon110,,,,,,,25,1,45,1,2,,,,,,,
黑月云兔,601,0,"1,1,1",mon001,mon001_02,,,,,,20,1,45,1,2,,,,,,,
竹藤精青,602,0,"1,1,1",mon002,mon002_02,,,,,,25,1,45,1,2,,,,,,,
竹藤精朱,603,0,"1,1,1",mon002,mon002_03,,,,,,25,1,45,1,2,,,,,,,
山蜘蛛黄,604,0,"1,1,1",mon011,mon011_02,,,,,,35,1,45,1,2,,,,,,,
山蜘蛛青,605,0,"1,1,1",mon011,mon011_03,,,,,,35,1,45,1,2,,,,,,,
玄蜂朱,606,0,"1,1,1",mon035,mon035_02,,,,,,20,1,45,1,2,,,,,,,
玄蜂青,607,0,"1,1,1",mon035,mon035_03,,,,,,20,1,45,1,2,,,,,,,
蚀骨鱼绿,608,0,"1.5,1.5,1.5",mon037,mon037_02,,,,,,20,1,45,1,2,,,,,,,
蚀骨鱼红,609,0,"1.5,1.5,1.5",mon037,mon037_03,,,,,,20,1,45,1,2,,,,,,,
突厥马刀兵紫,610,0,"1,1,1",mon057,mon057_02,,,,,,25,1,45,1,2,,,,,,,
突厥马刀兵灰,611,0,"1,1,1",mon057,mon057_01,,,,,,25,1,45,1,2,,,,,,,
突厥射手紫,612,0,"1,1,1",mon058,mon058_02,,,,,,25,1,45,1,2,,,,,,,
突厥射手灰,613,0,"1,1,1",mon058,mon058_01,,,,,,25,1,45,1,2,,,,,,,
突厥长矛手紫,614,0,"1,1,1",mon059,mon059_02,,,,,,25,1,45,1,2,,,,,,,
突厥长矛手灰,615,0,"1,1,1",mon059,mon059_01,,,,,,25,1,45,1,2,,,,,,,
顽石精黄,616,0,"1,1,1",mon062,mon062_02,,,,,,30,1,45,1,2,,,,,,,
顽石精红,617,0,"1,1,1",mon062,mon062_03,,,,,,30,1,45,1,2,,,,,,,
貌牛赤,618,0,"1,1,1",mon148,mon148_02,,,,,,35,1,45,1,2,,,,,,,
貌牛青,619,0,"1,1,1",mon148,mon148_03,,,,,,35,1,45,1,2,,,,,,,
反隋农夫蓝,620,0,"1,1,1",mon110,mon110_02,,,,,,25,1,45,1,2,,,,,,,
反隋农夫赤,621,0,"1,1,1",mon110,mon110_03,,,,,,25,1,45,1,2,,,,,,,
牡丹花精红,622,0,"1,1,1",mon142,mon142_02,,,,,,25,1,45,1,2,,,,,,,
兔宝宝,623,0,"0.4,0.4,0.4",mon001,,,,,,,20,1,45,1,2,,,,,,,
赤小鬼,624,0,"1,1,1",mon098,mon098_02,,,,,,20,1,45,1,2,,,,,,,
紫小鬼,625,0,"1,1,1",mon098,mon098_03,,,,,,20,1,45,1,2,,,,,,,
突厥刺客青,626,0,"1,1,1",mon060,mon060_02,,,,,,25,1,45,1,2,,,,,,,
云生兽青,627,0,"2,2,2",mon141,mon141_02,,,,,,20,1,90,1,2,,,,,,,
白牡丹花精蓝,628,0,"1.1,1.1,1.1",mon143,mon143_02,,,,,,25,1,45,1,2,,,,,,,
雪地玄龟,629,0,"1,1,1",mon162,mon162_02,,,,,,35,1,45,1,2,,,,,,,
岩浆玄龟,630,0,"1,1,1",mon162,mon162_03,,,,,,35,1,45,1,2,,,,,,,
高阶蚀骨鱼青,631,0,"1,1,1",mon164,mon164_02,,,,,,35,1,45,1,2,,,,,,,
赤色巨甲蟹,632,0,"1.1,1.1,1.1",mon168,mon168_02,,,,,,35,1,45,1,2,,,,,,,
红岩毒蝎绿色,633,0,"1.1,1.1,1.1",mon175,mon175_02,,,,,,35,1,45,1,2,,,,,,,
红岩毒蝎蓝色,634,0,"1.1,1.1,1.1",mon175,mon175_03,,,,,,35,1,45,1,2,,,,,,,
突厥女守卫紫色,635,0,"1.1,1.1,1.1",mon178,mon178_02,,,,,,35,1,45,1,2,,,,,,,
月云兔精长弓手粉色,636,0,"1.1,1.1,1.1",mon038,mon038_02,,,,,,35,1,45,1,2,,,,,,,
月云兔精拳手绿色,637,0,"1.1,1.1,1.1",mon165,mon165_02,,,,,,35,1,45,1,2,,,,,,,
,,,,,,,,,,,,,,,,,,,,,,
新手蜘蛛王,700,0,"2,2,2",mon011,mon011_03,,,,,,35,1,45,1,2,,,,,,,
新手白兔王,701,0,"3,3,3",mon001,,,,,,,30,1,45,1,2,,,,,,,
大刀王五,702,0,"1.5,1.5,1.5",mon025,,,,,,,30,1,45,1,2,,,,,,,
灵网蛛王,703,0,"2,2,2",mon011,,,,,,,35,1,45,1,2,,,,,,,
月云兔精长棍手红色,704,0,"1,1,1",mon039,mon039_02,,,,,,25,1,45,1,2,,,,,,,
月云兔妖后红色,705,0,"1,1,1",mon040,mon040_02,,,,,,25,1,45,1,2,,,,,,,
小型幼年狼妖,706,0,"0.8,0.8,0.8",mon041,,,,,,,20,1,90,1,2,,,,,,,
小型狼妖弓手,707,0,"0.8,0.8,0.8",mon042,,,,,,,20,1,90,1,2,,,,,,,
小型狼妖勇士,708,0,"0.8,0.8,0.8",mon043,,,,,,,20,1,90,1,2,,,,,,,
雪域石精,709,0,"1,1,1",mon062,mon062_02,,,,,,30,1,45,1,2,,,,,,,
巨型玄蜂,710,0,"1.3,1.3,1.3",mon035,mon035_03,,,,,,20,1,45,1,2,,,,,,,
山贼首领,711,0,"1.2,1.2,1.2",mon059,mon059_02,,,,,,25,1,45,1,2,,,,,,,
月云兔妖后红色,712,0,"1.2,1.2,1.2",mon040,mon040_02,,,,,,25,1,45,1,2,,,,,,,
狼妖勇士,713,0,"1.2,1.2,1.2",mon043,,,,,,,25,1,90,1,2,,,,,,,
云踪兽,714,0,"3,3,3",mon140,,,,,,,25,1,90,1,2,,,,,,,
花灵仙子,715,0,"1.2,1.2,1.2",mon142,mon142_02,,,,,,25,1,45,1,2,,,,,,,
赤身教卫队长,716,0,"1.2,1.2,1.2",mon117,,,,,,,25,1,45,1,2,,,,,,,
执法修罗血奴,717,0,"1.2,1.2,1.2",mon118,,,,,,,25,1,45,1,2,,,,,,,
草地巨玄龟,718,0,"1.5,1.5,1.5",mon162,,,,,,,35,1,45,1,2,,,,,,,
骨刺龙鱼,719,0,"1.5,1.5,1.5",mon164,mon164_02,,,,,,35,1,45,1,2,,,,,,,
突厥刺客首领,720,0,"1.5,1.5,1.5",mon060,mon060_02,,,,,,25,1,45,1,2,,,,,,,
招魂小鬼,721,0,"1.5,1.5,1.5",mon098,,,,,,,30,1,45,1,2,,,,,,,
月云兔精拳圣,722,0,"1.5,1.5,1.5",mon165,,,,,,,35,1,45,1,2,,,,,,,
月云兔精拳手绿色,723,0,"1.5,1.5,1.5",mon165,mon165_02,,,,,,35,1,45,1,2,,,,,,,
武将行尸头目,724,0,"1.5,1.5,1.5",mon170,,,,,,,35,1,45,1,2,,,,,,,
妖火灵兽,725,0,"1.5,1.5,1.5",mon503b,,,,,,,30,1,120,1,2,,,,Box,,_01r,
突厥降头师,726,0,"1.5,1.5,1.5",mon167,,,,,,,35,1,45,1,2,,,,,,,
兔勿散,727,0,"1.5,1.5,1.5",mon039,mon039_02,,,,,,25,1,45,1,2,,,,,,,
,,,,,,,,,,,,,,,,,,,,,,
飞廉宝宝初阶,800,0,"0.3,0.3,0.3",mon500d,,,,,,,20,1,120,1,2,,,,Box,,_01r,
飞廉宝宝中阶,801,0,"0.4,0.4,0.4",mon500c,,,,,,,20,1,120,1,2,,,,Box,,_01r,
飞廉宝宝高阶,802,0,"0.5,0.5,0.5",mon500b,,,,,,,25,1,120,1,2,,,,Box,,_01r,
成年飞廉,803,0,"1,1,1",mon500a,,,,,,,30,1,120,1,2,,,,Box,,_01r,
夕鸟宝宝初阶,804,0,"1,1,1",mon501d,,,,,,,20,1,120,1,2,,,,Box,,_01r,
夕鸟宝宝中阶,805,0,"1,1,1",mon501c,,,,,,,25,1,120,1,2,,,,Box,,_01r,
夕鸟宝宝高阶,806,0,"1,1,1",mon501b,,,,,,,25,1,120,1,2,,,,Box,,_01r,
成年夕鸟,807,0,"1,1,1",mon501a,,,,,,,30,1,120,1,2,,,,Box,,_01r,
血山臊初阶黑色,808,0,"0.4,0.4,0.4",mon502d,,,,,,,30,1,120,1,2,,,,Box,,_01r,
血山臊中阶青色,809,0,"0.6,0.6,0.6",mon502c,,,,,,,30,1,120,1,2,,,,Box,,_01r,
血山臊高阶黄色,810,0,"0.8,0.8,0.8",mon502b,,,,,,,30,1,120,1,2,,,,Box,,_01r,
终极血山臊红色,811,0,"1,1,1",mon502a,,,,,,,30,1,120,1,2,,,,Box,,_01r,
怒兽火灵,812,0,"1,1,1",mon503d,,,,,,,30,1,120,1,2,,,,Box,,_01r,
中级怒兽火灵,813,0,"1,1,1",mon503c,,,,,,,30,1,120,1,2,,,,Box,,_01r,
高级怒兽火灵,814,0,"1,1,1",mon503b,,,,,,,30,1,120,1,2,,,,Box,,_01r,
成年怒兽火灵,815,0,"1,1,1",mon503a,,,,,,,30,1,120,1,2,,,,Box,,_01r,
妖狐初阶紫,901,0,"0.3,0.3,0.3",mon144a,mon144a_02,,,,,,30,1,120,1,2,,,,Box,,_01r,
妖狐初阶黄,902,0,"0.3,0.3,0.3",mon144a,mon144a_03,,,,,,30,1,120,1,2,,,,Box,,_01r,
妖狐初阶青,903,0,"0.3,0.3,0.3",mon144a,mon144a_04,,,,,,30,1,120,1,2,,,,Box,,_01r,
三尾妖狐紫,904,0,"0.4,0.4,0.4",mon144b,mon144b_02,,,,,,30,1,120,1,2,,,,Box,,_01r,
三尾妖狐黄,905,0,"0.4,0.4,0.4",mon144b,mon144b_03,,,,,,30,1,120,1,2,,,,Box,,_01r,
三尾妖狐青,906,0,"0.4,0.4,0.4",mon144b,mon144b_04,,,,,,30,1,120,1,2,,,,Box,,_01r,
六尾妖狐紫,907,0,"0.5,0.5,0.5",mon144c,mon144c_02,,,,,,30,1,120,1,2,,,,Box,,_01r,
六尾妖狐黄,908,0,"0.5,0.5,0.5",mon144c,mon144c_03,,,,,,30,1,120,1,2,,,,Box,,_01r,
六尾妖狐青,909,0,"0.5,0.5,0.5",mon144c,mon144c_04,,,,,,30,1,120,1,2,,,,Box,,_01r,
九尾妖狐紫,910,0,"1,1,1",mon144d,mon144d_02,,,,,,30,1,120,1,2,,,,Box,,_01r,
九尾妖狐黄,911,0,"1,1,1",mon144d,mon144d_03,,,,,,30,1,120,1,2,,,,Box,,_01r,
九尾妖狐青,912,0,"1,1,1",mon144d,mon144d_04,,,,,,30,1,120,1,2,,,,Box,,_01r,
终极血山臊黄色,913,0,"1,1,1",mon502a,mon502a_02,,,,,,35,1,120,1,2,,,,Box,,_01r,
终极血山臊青色,914,0,"1,1,1",mon502a,mon502a_03,,,,,,35,1,120,1,2,,,,Box,,_01r,
终极血山臊黑色,915,0,"1,1,1",mon502a,mon502a_04,,,,,,35,1,120,1,2,,,,Box,,_01r,
血山臊高阶红色,916,0,"0.8,0.8,0.8",mon502b,mon502b_02,,,,,,35,1,120,1,2,,,,Box,,_01r,
血山臊高阶青色,917,0,"0.8,0.8,0.8",mon502b,mon502b_03,,,,,,35,1,120,1,2,,,,Box,,_01r,
血山臊高阶黑色,918,0,"0.8,0.8,0.8",mon502b,mon502b_04,,,,,,35,1,120,1,2,,,,Box,,_01r,
血山臊中阶红色,919,0,"0.6,0.6,0.6",mon502c,mon502c_02,,,,,,35,1,120,1,2,,,,Box,,_01r,
血山臊中阶黄色,920,0,"0.6,0.6,0.6",mon502c,mon502c_03,,,,,,35,1,120,1,2,,,,Box,,_01r,
血山臊中阶黑色,921,0,"0.6,0.6,0.6",mon502c,mon502c_04,,,,,,35,1,120,1,2,,,,Box,,_01r,
血山臊初阶红色,922,0,"0.4,0.4,0.4",mon502d,mon502d_02,,,,,,35,1,120,1,2,,,,Box,,_01r,
血山臊初阶黄色,923,0,"0.4,0.4,0.4",mon502d,mon502d_03,,,,,,35,1,120,1,2,,,,Box,,_01r,
血山臊初阶青色,924,0,"0.4,0.4,0.4",mon502d,mon502d_04,,,,,,35,1,120,1,2,,,,Box,,_01r,
啸魄军魂,2000,0,"1,1,1",mon193,,,,,,,35,1,45,1,2,,,,,,,
,,,,,,,,,,,,,,,,,,,,,,
七彩花仙,2001,0,"2,2,2",mon001,,,,,,,20,1,30.0,1.0,3.0,,,,,,,
桃夭,2002,0,"3,3,3",mon001,mon001_b,,,,,,20,1,30.0,1.0,3.0,,,,,,,
滴血花妖,2003,0,"2,2,2",mon001,mon001_c,,,,,,20,1,30.0,1.0,3.0,,,,,,,
草精,2004,0,"1.3,1.3,1.3",mon002,,,,,,,15,1,30.0,1.0,2.0,iii001,,,,,,
不忧草姬,2005,0,"1.3,1.3,1.3",mon002,mon002_b,,,,,,20,1,30.0,0.5,3.0,,,,,,,
朝夕草妖,2006,0,"1.6,1.6,1.6",mon002,mon002_c,,,,,,20,1,30.0,0.5,3.0,,,,,,,
墓冢妖火,2007,0,"0.8,0.8,0.8",mon003,,,,,,,20,1,30.0,0.6,1.0,mon003_die,,eff_mon003_body,Bone04,,,
血狱妖火,2008,0,"1,1,1",mon003,mon003_b,,,,,,20,1,30.0,0.6,1.0,mon003_die,,,,,,
彩翼蚊,2009,0,"1,1,1",mon004,,,,,,,20,1,40.0,0.5,2.0,,,,,,,
赤眼蚊,2010,0,"1,1,1",mon004,mon004_b,,,,,,20,1,40.0,0.5,2.0,,,,,,,
无双沙石怪,2011,0,"1.2,1.2,1.2",mon005,,,,,,,20,1,40.0,0.6,1.0,mon005_die,,eff_mon005_body,Bip01 Spine,,,
火岩怪,2012,0,"1.2,1.2,1.2",mon005,mon005_b,,,,,,20,1,40.0,0.6,1.0,mon005_die,,,,,,
黄金沙虫,2013,0,"1.2,1.2,1.2",mon006,,,,,,,20,1,20.0,0.6,3.0,,,,,,,
红斑沙虫,2014,0,"1.5,1.5,1.5",mon006,mon006_b,,,,,,20,1,20.0,0.6,3.0,,,,,,,
嗜血虫,2015,0,"1,1,1",mon006,mon006_c,,,,,,20,1,20.0,0.6,3.0,,,,,,,
带子狼,2016,0,"1,1,1",mon007,,,,,,,20,1,80.0,0.65,3.0,,,,,,,
白翰赤,2017,0,"1,1,1",mon008,,,,,,,20,1,80.0,0.75,3.0,,,,,,,
黑翰赤,2018,0,"1,1,1",mon008,mon008_b,,,,,,20,1,80.0,0.75,3.0,,,,,,,
鬼道,2019,0,"1,1,1",mon009,,,,,,,20,1,60.0,0.5,2.0,,,,,,,
妖台,2020,0,"1,1,1",mon009,mon009_b,,,,,,20,1,60.0,0.5,2.0,,,,,,,
幻姬,2021,0,"1,1,1",mon010,,,,,,,30,1,30.0,0.75,2.0,,,,,,,
小二郎,2022,0,"2,2,2",mon011,,,,,,,20,1,40.0,0.5,3.0,,,,,,,
独兽,2023,0,"1,1,1",mon012,,,,,,,30,2,50.0,0.8,3.0,,,,,,,
髑兽,2024,0,"1,1,1",mon012,mon012_b,,,,,,30,2,50.0,0.8,3.0,,,,,,,
虎头人,2025,0,"1,1,1",mon013,,,,,,,25,2,40.0,0.75,3.0,,,,,,,
朋蛇,2026,0,"1,1,1",mon014,,,,,,,25,1,80.0,0.5,3.0,,,,,,,
天毒,2027,0,"1,1,1",mon014,mon014_b,,,,,,30,1,80.0,0.5,3.0,,,,,,,
黑骑,2028,0,"1,1,1",mon015,mon015_a,,,,,,30,1,90.0,0.67,3.0,,,,,,,
烽骑,2029,0,"1,1,1",mon015,,,,,,,30,1,90.0,0.67,3.0,,,,,,,
巫支祁,2030,0,"1,1,1",mon016,,,,,,,30,2,70.0,0.6,3.0,,,,,,,
巫支岐,2031,0,"1,1,1",mon016,mon016_b,,,,,,30,2,70.0,0.6,3.0,,,,,,,
黑晶护卫,2032,0,"1,1,1",mon017,,,,,,,30,1,50.0,0.3,1.0,mon017_die,,,,,,
黄晶护卫,2033,0,"1,1,1",mon018,,,,,,,30,1,60.0,0.4,1.0,mon018_die,,,,,,
绿晶护卫,2034,0,"1,1,1",mon019,,,,,,,30,1,147.0,0.75,1.0,mon019_die,,,,,,
红晶护卫,2035,0,"1,1,1",mon020,,,,,,,30,1,121.0,0.75,1.0,mon020_die,,,,,,
六手佛,2036,0,"1,1,1",mon021,,,,,,,30,1,60.0,0.5,2.0,,,,,,,
九尾狐狸,2037,0,"0.6,0.6,0.6",mon022,,,,,,,30,1,45.0,0.5,2.0,,,,,,,
蓬尾玄狐,2038,0,"0.6,0.6,0.6",mon022,mon022_b,,,,,,30,1,45.0,0.5,2.0,,,,,,,
水晶雉鸡,2039,0,"1,1,1",mon023,mon023_a,,,,,,25,1,45.0,0.75,2.0,,,,,,,
长尾妖鸡,2040,0,"1,1,1",mon023,,,,,,,25,1,45.0,0.75,2.0,,,,,,,
紫水妖,2041,0,"1,1,1",mon024,,,,,,,20,1,50.0,0.75,3.0,,,,,,,
阿灵,2042,0,"1,1,1",mon025,,,,,,,20,1,76.0,0.67,2.0,,,,,,,
骊野,2043,0,"1,1,1",mon025,mon025_b,,,,,,20,1,76.0,0.67,2.0,,,,,,,
甲骨怪,2044,0,"1,1,1",mon026,,,,,,,20,1,50.0,0.7,2.0,,,,,,,
石林护兽,2045,0,"1,1,1",mon027,,,,,,,30,2,120.0,0.67,2.0,,,,,,,
裂佛,2046,0,"1,1,1",mon028,,,,,,,20,1,60.0,0.85,1.0,mon028_die,,,,,,
槐树精,2047,0,"1.5,1.5,1.5",mon029,,,,,,,25,2,25.0,0.6,1.0,mon029_die,,,,,,
气鼓,2048,0,"0.6,0.6,0.6",mon030,,,,,,,30,1,60.0,0.6,1.0,mon030_die,,,,,,
沼泽怪,2049,0,"1,1,1",mon031,,,,,,,30,2,108.0,0.85,1.0,mon031_die_a,,,,,,
食脑怪,2050,0,"1,1,1",mon031,mon031_b,,,,,,25,2,108.0,0.85,1.0,mon031_die_b,,,,,,
虎蛟,2051,0,"1,1,1",mon032,,,,,,,30,2,50.0,0.65,2.0,,,,,,,
白文虎,2052,0,"1,1,1",mon032,mon032_b,,,,,,30,2,50.0,0.65,2.0,,,,,,,
绿竹怪,2053,0,"1,1,1",mon033,,,,,,,30,2,100.0,0.75,2.0,,,,,,,
冰原巨人,2054,0,"1,1,1",mon033,mon033_b,,,,,,30,2,100.0,0.75,2.0,,,,,,,
迅猛兽,2055,0,"1,1,1",mon034,,,,,,,30,2,180.0,1.0,2.0,,,,,,,
噬魂兽,2056,0,"1,1,1",mon034,mon034_b,,,,,,30,2,180.0,1.0,2.0,,,,,,,
骸骨龙,2057,0,"1,1,1",mon035,,,,,,,35,3,60.0,0.75,1.0,mon035_die_a,,,,,,
帝王龙,2058,0,"1,1,1",mon035,mon035_b,,,,,,35,3,60.0,0.75,1.0,mon035_die_b,,,,,,
巨瘴兽,2059,0,"1,1,1",mon036,,,,,,,35,3,40.0,0.67,2.0,,,,,,,
封天冰兽,2060,0,"1,1,1",mon036,mon036_b,,,,,,35,3,40.0,0.67,2.0,,,,,,,
风后灵,2061,0,"1,1,1",mon037,,,,,,,25,2,60.0,0.5,2.0,,,,,,,
腥巫灵,2062,0,"1,1,1",mon037,mon037_b,,,,,,25,2,60.0,0.5,2.0,,,,,,,
太常魂,2063,0,"1,1,1",mon038,mon038_a,,,,,,20,2,78.0,0.75,2.0,,,,,,,
嗜腐兽,2064,0,"1,1,1",mon038,,,,,,,25,2,78.0,0.75,2.0,,,,,,,
苍龙魄,2065,0,"1,1,1",mon039,mon039_a,,,,,,30,3,60.0,0.67,2.0,,,,,,,
漳渊龙,2066,0,"1,1,1",mon039,,,,,,,30,3,60.0,0.67,2.0,,,,,,,
祝融旄,2067,0,"1,1,1",mon040,mon040_a,,,,,,25,2,65.0,0.67,2.0,,,,,,,
浊泽旄,2068,0,"1,1,1",mon040,,,,,,,25,2,65.0,0.67,2.0,,,,,,,
大封尸,2069,0,"1,1,1",mon041,,,,,,,20,2,114.0,0.6,1.0,mon041_die_a,,,,,,
太蚀尸,2070,0,"1,1,1",mon041,mon041_b,,,,,,20,2,114.0,0.6,1.0,mon041_die_b,,,,,,
后土伯,2071,0,"1,1,1",mon042,,,,,,,25,2,170.0,1.0,2.0,,,,,,,
瘟土伯,2072,0,"1,1,1",mon042,mon042_b,,,,,,25,2,170.0,1.0,2.0,,,,,,,
紫晶怪,2073,0,"1,1,1",mon043,,,,,,,20,1,30.0,0.75,2.0,,,,,,,
花狸鼠,2074,0,"1,1,1",mon044,,,,,,,20,1,30.0,1.2,2.0,,,,,,,
战士新手,2101,1,,pf01,,apf01,bpf01,hpf01,lpf01,,20,1,80.0,1.0,2.0,,,,,,,
战士1转,2102,1,,pf01,,apf05,bpf05,hpf05,lpf05,,20,1,80.0,1.0,2.0,,,,,,,
术师新手,2103,1,,pn01,,apn01,bpn01,hpn01,lpn01,,20,1,75.0,1.3,2.0,,,,,,,
术师1转,2104,1,,pn01,,apn05,bpn05,hpn05,lpn05,,20,1,75.0,1.3,2.0,,,,,,,
道士新手,2105,1,,pt01,,apt01,bpt01,hpt01,lpt01,,20,1,75.0,1.3,2.0,,,,,,,
道士1转,2106,1,,pt01,,apt05,bpt05,hpt05,lpt05,,20,1,75.0,1.3,2.0,,,,,,,
女猎手新手,2107,1,,ph01,,aph01,bph01,hph01,lph01,,20,1,65.0,1.3,2.0,,,,,,,
女猎手1转,2108,1,,ph01,,apn05,bph05,hph05,lph05,,20,1,65.0,1.3,2.0,,,,,,,
厌火兽,2301,0,"2,2,2",mon003,,,,,,,25,1,80.0,0.6,2.0,,,,,,,
沙石老怪,2302,0,"2,2,2",mon005,mon005_boss,,,,,,25,2,40.0,0.6,2.0,,,,,,,
沙虫王,2303,0,"4,4,4",mon006,,,,,,,25,1,80.0,0.6,2.0,,,,,,,
碧眼兽,2304,0,"1,1,1",sc01,,,,,,,30,1,80.0,1.0,2.0,,,,,,,
碧眼兽,2305,0,"1,1,1",sc01,,,,,,,30,1,80.0,1.0,2.0,,,,,,,
碧眼兽,2306,0,"1,1,1",sc01,,,,,,,30,1,80.0,1.0,2.0,,,,,,,
碧眼兽,2307,0,"1,1,1",sc01,,,,,,,45,2,80.0,1.0,2.0,,,,,,,
碧眼兽,2308,0,"1,1,1",sc01,,,,,,,45,2,80.0,1.0,2.0,,,,,,,
狼窟老妖,2309,0,"1.5,1.5,1.5",mon007,mon007_boss,,,,,,30,3,97.0,0.65,2.0,,,,,,,
飞熊,2310,0,,sc05,,,,,,,45,2,65.0,0.8,1.0,esc05_die,,,,,,
庚辰,2311,0,"1,1,1",mon101,,,,,,,35,1,80.0,0.67,2.0,,,,,,,
石像将军,2312,0,"1,1,1",mon102,,,,,,,35,1,40.0,0.4,2.0,,emon102_born,,,,,
冰川天女,2313,0,"1.5,1.5,1.5",mon103,,,,,,,30,1,80.0,0.67,2.0,,,,,,,
魔龙神将,2314,0,"1,1,1",mon104,,,,,,,35,1,45.0,0.4,2.0,,,,,,,
烈炎草,2336,0,"3,3,3",mon002,mon002_boss,,,,,,30,2,30.0,1.0,3.0,,,,,,,
幻灭妖姬,2337,0,"2,2,2",mon010,mon010_boss,,,,,,30,2,30.0,0.75,2.0,,,,,,,
凤羽妖鸡,2338,0,"2,2,2",mon023,mon023_boss,,,,,,30,2,45.0,0.75,2.0,,,,,,,
血池鬼道,2339,0,"1.5,1.5,1.5",mon009,mon009_boss,,,,,,30,2,60.0,0.5,2.0,,,mon009_boss_effect,root,,,
妖狐灵灵,2340,0,"1,1,1",mon022_boss,,,,,,,30,2,45.0,0.5,2.0,,,,,,,
护兽统领,2341,0,"1.5,1.5,1.5",mon027_boss,,,,,,,30,2,120.0,0.67,2.0,,,,,,,
白象,2315,0,"0.65,0.65,0.65",mon112,,,,,,,20,3,80.0,1.0,2.0,,,,,mon110,_10ride,
白象,2316,0,"0.9,0.9,0.9",mon112,,,,,,,30,3,80.0,1.0,2.0,,,,,mon111,_10ride,
白象,2317,0,"1,1,1",mon112,,,,,,,30,3,80.0,1.0,2.0,,,,,mon112,_10ride,
猩猩,2318,0,"0.65,0.65,0.65",mon115,,,,,,,20,3,80.0,1.0,2.0,,,,,mon113,_20ride,
猩猩,2319,0,"0.9,0.9,0.9",mon115,,,,,,,30,3,80.0,1.0,2.0,,,,,mon114,_20ride,
猩猩,2320,0,"1,1,1",mon115,,,,,,,30,3,80.0,1.0,2.0,,,,,mon115,_20ride,
雕,2321,0,"0.65,0.65,0.65",mon116,,,,,,,20,3,80.0,1.0,2.0,,,,,,_30ride,
雕,2322,0,"0.9,0.9,0.9",mon117,,,,,,,30,3,80.0,1.0,2.0,,,,,,_30ride,
雕,2323,0,"1,1,1",mon118,,,,,,,30,3,80.0,1.0,1.0,mon118_die,,,,,_30ride,
白象,2324,0,"0.5,0.5,0.5",mon112,,,,,,,20,3,80.0,1.0,2.0,,,,,mon110,_10ride,
白象,2325,0,"0.8,0.8,0.8",mon112,,,,,,,30,3,80.0,1.0,2.0,,,,,mon111,_10ride,
白象,2326,0,"0.95,0.95,0.95",mon112,,,,,,,30,3,80.0,1.0,2.0,,,,,mon112,_10ride,
猩猩,2327,0,"0.5,0.5,0.5",mon115,,,,,,,20,3,80.0,1.0,2.0,,,,,mon113,_20ride,
猩猩,2328,0,"0.8,0.8,0.8",mon115,,,,,,,30,3,80.0,1.0,2.0,,,,,mon114,_20ride,
猩猩,2329,0,"0.95,0.95,0.95",mon115,,,,,,,30,3,80.0,1.0,2.0,,,,,mon115,_20ride,
雕,2330,0,"0.5,0.5,0.5",mon116,,,,,,,20,3,80.0,1.0,2.0,,,,,,_30ride,
雕,2331,0,"0.8,0.8,0.8",mon117,,,,,,,30,3,80.0,1.0,2.0,,,,,,_30ride,
雕,2332,0,"0.95,0.95,0.95",mon118,,,,,,,30,3,80.0,1.0,1.0,mon118_die,,,,,_30ride,
[任务]二郎,2333,0,"3.5,3.5,3.5",mon011,,,,,,,30,1,40.0,0.5,3.0,,,,,,,
[任务]法宝试炼者,2334,0,"1.5,1.5,1.5",mon021,,,,,,,35,1,60.0,0.5,2.0,,,,,,,
[任务]神象,2335,0,"1.5,1.5,1.5",mon112,,,,,,,35,3,80.0,1.0,2.0,,,,,mon112,_10ride,
[任务]石灵,2342,0,"1,1,1",mon037,mon037_c,,,,,,30,1,60.0,1.0,2.0,,,,,,,
[任务]玉妖,2343,0,"1.8,1.8,1.8",mon024,mon024_b,,,,,,30,1,60.0,1.0,2.0,,,,,,,
[任务]玄鸡,2344,0,"1.5,1.5,1.5",mon008,mon008_c,,,,,,30,1,60.0,1.0,2.0,,,,,,,
[任务]妖狐,2345,0,"0.8,0.8,0.8",mon022,mon022_c,,,,,,30,1,60.0,1.0,2.0,,,,,,,
[任务]大鹏金翅雕,2354,0,"1.5,1.5,1.5",mon117,,,,,,,30,1,80.0,1.0,2.0,,,,,mon117,,
二郎神杨戬,2601,0,"1,1,1",sc04_01,,,,,,,30,1,80.0,1.0,4.0,,,,,,,
二郎神杨戬,2602,0,"1,1,1",sc04_02,,,,,,,30,1,80.0,1.0,4.0,,,,,,,
二郎神杨戬,2603,0,"1,1,1",sc04_03,,,,,,,30,1,80.0,1.0,4.0,,,,,,,
宋异人,2604,0,"1,1,1",npc007,npc007_a,,,,,,20,1,,,,,,,,,,
宋异仙,2605,0,"1,1,1",npc007,npc007_b,,,,,,20,1,,,,,,,,,,
宋异真,2606,0,"1,1,1",npc007,npc007_c,,,,,,20,1,,,,,,,,,,
宋异祖,2607,0,"1,1,1",npc007,npc007_d,,,,,,20,1,,,,,,,,,,
宋异魔,2608,0,"1,1,1",npc007,npc007_e,,,,,,20,1,,,,,,,,,,
普贤真人,2609,0,"1,1,1",npc001,npc001_a,,,,,,20,1,,,,,,enpc001wait,root,,,
太乙真人,2610,0,"1,1,1",npc001,npc001_b,,,,,,20,1,,,,,,enpc001wait,root,,,
黄龙真人,2611,0,"1,1,1",npc001,npc001_c,,,,,,20,1,,,,,,enpc001wait,root,,,
多宝道人,2612,0,"1,1,1",npc001,npc001_d,,,,,,20,1,,,,,,enpc001wait,root,,,
罗宣,2613,0,"1,1,1",npc001,npc001_e,,,,,,20,1,,,,,,enpc001wait,root,,,
火灵圣母,2614,0,"1,1,1",npc002,npc002_a,,,,,,20,1,,,,,,enpc002,Box01,,,
龙吉公主,2615,0,"1,1,1",npc002,npc002_b,,,,,,20,1,,,,,,enpc002,Box01,,,
孙红,2616,0,"1,1,1",npc003a,npc003a_a,,,,,,20,1,,,,,,,,,,
彩云仙,2617,0,"1,1,1",npc003a,npc003a_b,,,,,,20,1,,,,,,,,,,
菡芝仙,2618,0,"1,1,1",npc003a,npc003a_c,,,,,,20,1,,,,,,,,,,
邓秀,2619,0,"1,1,1",npc003a,npc003a_d,,,,,,20,1,,,,,,,,,,
金吒,2620,0,"1,1,1",npc004,npc004_a,,,,,,20,1,,,,,,,,,,
木吒,2621,0,"1,1,1",npc004,npc004_b,,,,,,20,1,,,,,,,,,,
殷洪,2622,0,"1,1,1",npc005,npc005_a,,,,,,20,1,,,,,,,,,,
殷郊,2623,0,"1,1,1",npc005,npc005_b,,,,,,20,1,,,,,,,,,,
赤精子,2624,0,"1,1,1",npc006,npc006_a,,,,,,20,1,,,,,,,,,,
周守卫,2625,0,"1,1,1",npc008,npc008_a,,,,,,20,1,40.0,0.75,4.0,,,,,,,
周守卫,2626,0,"1,1,1",npc009,npc009_a,,,,,,20,1,60.0,0.85,4.0,,,,,,,
商守卫,2627,0,"1,1,1",npc008,npc008_b,,,,,,20,1,40.0,0.75,4.0,,,,,,,
商守卫,2628,0,"1,1,1",npc009,npc009_b,,,,,,20,1,60.0,0.85,4.0,,,,,,,
蜍精,2629,0,"1,1,1",npc003b,npc003b_a,,,,,,20,1,,,,,,,,,,
蜍精,2630,0,"1,1,1",npc003b,npc003b_b,,,,,,20,1,,,,,,,,,,
蜍精,2631,0,"1,1,1",npc003b,npc003b_c,,,,,,20,1,,,,,,,,,,
蜍精,2632,0,"1,1,1",npc003b,npc003b_d,,,,,,20,1,,,,,,,,,,
韩荣,2633,0,"1,1,1",npc012,,,,,,,20,1,,,,,,,,,,
张凤,2634,0,"1,1,1",npc013,,,,,,,20,1,,,,,,,,,,
彻地夫人,2635,0,"1,1,1",npc014,,,,,,,20,1,,,,,,,,,,
石矶娘娘,2636,0,"1,1,1",npc015,,,,,,,20,1,,,,,,,,,,
龟灵圣母,2637,0,"1,1,1",npc016,,,,,,,20,1,,,,,,,,,,
长耳定光仙,2638,0,"1,1,1",npc017,,,,,,,20,1,,,,,,,,,,
元始天尊,2639,0,"1,1,1",npc010,,,,,,,30,1,,,,,,enpc010wait,root,,,
通天教主,2640,0,"1,1,1",npc011,,,,,,,30,1,,,,,,enpc011wait,root,,,
黑骑统领,2346,0,"1.2,1.2,1.2",mon015,mon015_a,,,,,,30,1,90.0,0.67,3.0,,,,,,,
烽骑统领,2347,0,"1.2,1.2,1.2",mon015,,,,,,,30,1,90.0,0.67,3.0,,,,,,,
祝融族长,2348,0,"1.2,1.2,1.2",mon040,mon040_a,,,,,,30,2,65.0,0.67,2.0,,,,,,,
浊泽族长,2349,0,"1.2,1.2,1.2",mon040,,,,,,,30,2,65.0,0.67,2.0,,,,,,,
大封族长,2350,0,"1.2,1.2,1.2",mon041,,,,,,,30,2,114.0,0.6,1.0,mon041_die_a,,,,,,
太蚀族长,2351,0,"1.2,1.2,1.2",mon041,mon041_b,,,,,,30,2,114.0,0.6,1.0,mon041_die_b,,,,,,
后土族长,2352,0,"1.2,1.2,1.2",mon042,,,,,,,30,2,170.0,1.0,2.0,,,,,,,
瘟土族长,2353,0,"1.2,1.2,1.2",mon042,mon042_b,,,,,,30,2,170.0,1.0,2.0,,,,,,,
仙鹿童,2641,0,"1,1,1",npc003a,npc003a_b,,,,,,20,1,,,,,,,,,,
燃灯道人,2642,0,"1,1,1",npc001,npc001_e,,,,,,20,1,,,,,,enpc001wait,root,,,
商龙雕像,2643,0,"1,1,1",npc034,,,,,,,30,2,0.0,1.0,4.0,,,,,,,
周凤雕像,2644,0,"0.4,0.4,0.4",npc035,,,,,,,30,2,0.0,1.0,4.0,,,,,,,
吕岳,2645,0,"1,1,1",npc006,npc006_a,,,,,,20,1,,,,,,,,,,
商飞骑兵,2646,0,"0.8,0.8,0.8",npc036,,,,,,,20,1,80.0,0.67,4.0,,,,,,,
商御林军,2647,0,"1,1,1",npc037,,,,,,,20,1,75.0,0.8,4.0,,,,,,,
商威武将军,2648,0,"1,1,1",npc038,,,,,,,20,1,70.0,1.0,4.0,,,,,,,
周飞骑兵,2649,0,"0.8,0.8,0.8",npc039,,,,,,,20,1,80.0,0.67,4.0,,,,,,,
周御林军,2650,0,"1,1,1",npc040,,,,,,,20,1,75.0,0.8,4.0,,,,,,,
周神武将军,2651,0,"1,1,1",npc041,,,,,,,20,1,70.0,1.0,4.0,,,,,,,
商令旗,2652,0,"1,1,1",npc030,,,,,,,30,2,0.0,1.0,4.0,,,,,,,
周令旗,2653,0,"1,1,1",npc031,,,,,,,30,2,0.0,1.0,4.0,,,,,,,
虾精,2654,0,"1,1,1",mon045,,,,,,,30,1,85.0,0.86,4.0,,,,,,,
海夜叉,2655,0,"1,1,1",mon046,,,,,,,30,1,48.0,1.0,4.0,,,,,,,
小龙女,2656,0,"1,1,1",mon047,,,,,,,30,1,72.0,0.67,4.0,,,,,,,
火狴轩,2657,0,"1,1,1",mon048,mon048_a,,,,,,40,1,40.0,1.0,4.0,,,,,,,
石避邪,2658,0,"1,1,1",mon048,mon048_b,,,,,,40,1,40.0,1.0,4.0,,,,,,,
风涯兽,2659,0,"1,1,1",mon049,mon049_a,,,,,,40,1,40.0,1.0,4.0,,,,,,,
水洮兽,2660,0,"1,1,1",mon049,mon049_b,,,,,,40,1,40.0,1.0,4.0,,,,,,,
金狮猊,2661,0,"1,1,1",mon050,mon050_a,,,,,,40,1,48.0,0.75,4.0,,,,,,,
玉碧貅,2662,0,"1,1,1",mon050,mon050_b,,,,,,40,1,48.0,0.75,4.0,,,,,,,
周飞骑兵,2663,0,"0.8,0.8,0.8",npc039,,,,,,,20,1,80.0,0.67,4.0,,,,,,,
商御林军,2664,0,"1,1,1",npc037,,,,,,,20,1,75.0,0.8,4.0,,,,,,,
周神武将军,2665,0,"1,1,1",npc041,,,,,,,20,1,70.0,1.0,4.0,,,,,,,
商朝歌城门,2666,0,"1,1,1",npc032,,,,,,,60,2,0.0,0.0,4.0,,,,,,,
周西歧城门,2667,0,"1,1,1",npc033,,,,,,,60,2,0.0,0.0,4.0,,,,,,,
神武大将军,2668,0,"1.5,1.5,1.5",npc041,,,,,,,20,1,70.0,1.0,4.0,,,,,,,
威武大将军,2669,0,"1.5,1.5,1.5",npc038,,,,,,,20,1,70.0,1.0,4.0,,,,,,,
雷虬龙,2670,0,"1,1,1",mon051,mon051_a,,,,,,40,1,45.0,0.67,4.0,,,,,,,
云螭龙,2671,0,"1,1,1",mon051,mon051_b,,,,,,40,1,45.0,0.67,4.0,,,,,,,
水火童子,2672,0,"1.2,1.2,1.2",mon052,mon052_a,,,,,,20,1,68.0,1.0,4.0,,,,,,,
白鹤童子,2673,0,"1.2,1.2,1.2",mon052,mon052_b,,,,,,20,1,68.0,1.0,4.0,,,,,,,
黄金力士,2674,0,"1,1,1",mon053,mon053_a,,,,,,30,1,86.0,1.0,4.0,,,,,,,
力士统领,2675,0,"1.2,1.2,1.2",mon053,mon053_b,,,,,,30,1,86.0,1.0,4.0,,,,,,,
鬼仙,2676,0,"1,1,1",mon054,mon054_a,,,,,,30,1,27.0,0.85,4.0,,,,,,,
灵仙,2677,0,"1,1,1",mon054,mon054_b,,,,,,30,1,27.0,0.85,4.0,,,,,,,
魔仙,2678,0,"1,1,1",mon055,mon055_a,,,,,,30,1,78.0,0.67,4.0,,,,,,,
地仙,2679,0,"1,1,1",mon055,mon055_b,,,,,,30,1,78.0,0.67,4.0,,,,,,,
妖仙,2680,0,"1,1,1",mon056,mon056_b,,,,,,30,1,30.0,0.75,4.0,,,,,,,
天仙,2681,0,"1,1,1",mon056,mon056_a,,,,,,30,1,30.0,0.75,4.0,,,,,,,
战士2转,2682,1,,pf01,,apf09,bpf09,hpf09,lpf09,,20,1,80.0,1.0,2.0,,,,,,,
术师2转,2683,1,,pn01,,apn09,bpn09,hpn09,lpn09,,20,1,75.0,1.3,2.0,,,,,,,
道士2转,2684,1,,pt01,,apt09,bpt09,hpt09,lpt09,,20,1,75.0,1.3,2.0,,,,,,,
女猎手2转,2685,1,,ph01,,apn09,bph09,hph09,lph09,,20,1,65.0,1.3,2.0,,,,,,,
苏护,2686,0,"1.1,1.1,1.1",mon057,,,,,,,40,1,96.0,0.85,4.0,,,,,,,
苏全忠,2687,0,"1,1,1",mon058,,,,,,,40,1,96.0,0.67,4.0,,,,,,,
方弼,2688,0,"1.1,1.1,1.1",mon059,mon059_a,,,,,,40,1,105.0,1.0,4.0,,,,,,,
方相,2689,0,"1,1,1",mon059,mon059_b,,,,,,40,1,105.0,1.0,4.0,,,,,,,
崇侯虎,2690,0,"1.1,1.1,1.1",mon068,,,,,,,40,1,75.0,1.0,4.0,,,,,,,
崇应彪,2691,0,"1.1,1.1,1.1",mon060,,,,,,,40,1,96.0,0.85,4.0,,,,,,,
晁田,2692,0,"1.1,1.1,1.1",mon061,mon061_a,,,,,,40,1,96.0,0.85,4.0,,,,,,,
晁雷,2693,0,"1.1,1.1,1.1",mon061,mon061_b,,,,,,40,1,96.0,0.85,4.0,,,,,,,
崇城家将,2694,0,"1.1,1.1,1.1",mon062,,,,,,,30,1,96.0,0.67,4.0,,,,,,,
崇城刽子手,2695,0,"1,1,1",mon063,,,,,,,30,1,75.0,1.0,4.0,,,,,,,
崇城长箭手,2696,0,"0.8,0.8,0.8",mon064,,,,,,,30,1,80.0,0.67,4.0,,,,,,,
冀州家将,2697,0,"1.1,1.1,1.1",mon065,,,,,,,30,1,96.0,0.67,4.0,,,,,,,
冀州大刀手,2698,0,"1.1,1.1,1.1",mon066,,,,,,,30,1,96.0,0.67,4.0,,,,,,,
冀州攒箭手,2699,0,"0.8,0.8,0.8",mon067,,,,,,,30,1,80.0,0.67,4.0,,,,,,,
黄元济,2700,0,"1.2,1.2,1.2",mon062,,,,,,,30,1,96.0,0.67,4.0,,,,,,,
金葵,2701,0,"1.2,1.2,1.2",mon062,,,,,,,30,1,96.0,0.67,4.0,,,,,,,
梅德,2702,0,"1.2,1.2,1.2",mon062,,,,,,,30,1,96.0,0.67,4.0,,,,,,,
赵丙,2703,0,"1.2,1.2,1.2",mon065,,,,,,,30,1,96.0,0.67,4.0,,,,,,,
孙子羽,2704,0,"1.2,1.2,1.2",mon065,,,,,,,30,1,96.0,0.67,4.0,,,,,,,
陈季贞,2705,0,"1.2,1.2,1.2",mon065,,,,,,,30,1,96.0,0.67,4.0,,,,,,,
紫翼蚊,2706,0,"1,1,1",mon004,mon004_c,,,,,,20,1,40.0,0.5,2.0,,,,,,,
沼泥怪,2707,0,"1.2,1.2,1.2",mon005,mon005_c,,,,,,20,1,40.0,0.6,1.0,mon005_die,,eff_mon005_body,Bip01 Spine,,,
玄极妖火,2708,0,"0.8,0.8,0.8",mon003,mon003_c,,,,,,20,1,30.0,0.6,1.0,mon003_die,,eff_mon003_body,Bone04,,,
赤环沙虫,2709,0,"1.2,1.2,1.2",mon006,mon006_d,,,,,,20,1,20.0,0.6,3.0,,,,,,,
白脊狼,2710,0,"1,1,1",mon007,mon007_b,,,,,,20,1,80.0,0.65,3.0,,,,,,,
符咒翰赤,2711,0,"1,1,1",mon008,mon008_d,,,,,,20,1,80.0,0.75,3.0,,,,,,,
翠岩妖,2712,0,"1.2,1.2,1.2",mon005,mon005_d,,,,,,20,1,40.0,0.6,1.0,mon005_die,,,,,,
花魔,2713,0,"3,3,3",mon001,mon001_d,,,,,,20,1,30.0,1.0,3.0,,,,,,,
墨节沙虫,2714,0,"1.5,1.5,1.5",mon006,mon006_e,,,,,,20,1,20.0,0.6,3.0,,,,,,,
魔道,2715,0,"1,1,1",mon009,mon009_c,,,,,,20,1,60.0,0.5,2.0,,,,,,,
鬼姬,2716,0,"1,1,1",mon010,mon010_b,,,,,,30,1,30.0,0.75,2.0,,,,,,,
恶郎,2717,0,"2,2,2",mon011,mon011_b,,,,,,20,1,40.0,0.5,3.0,,,,,,,
灵精,2718,0,"1,1,1",mon025,mon025_c,,,,,,20,1,76.0,0.67,2.0,,,,,,,
甲胄翰赤,2719,0,"1,1,1",mon008,mon008_e,,,,,,20,1,80.0,0.75,3.0,,,,,,,
翡翠妖鸡,2720,0,"1,1,1",mon023,mon023_d,,,,,,25,1,45.0,0.75,2.0,,,,,,,
术妖,2721,0,"1,1,1",mon009,mon009_d,,,,,,20,1,60.0,0.5,2.0,,,,,,,
火眼金狐,2722,0,"0.6,0.6,0.6",mon022,mon022_d,,,,,,30,1,45.0,0.5,2.0,,,,,,,
凤尾雉鸡,2723,0,"1,1,1",mon023,mon023_c,,,,,,25,1,45.0,0.75,2.0,,,,,,,
幽冥鬼火,2724,0,"1,1,1",mon003,mon003_d,,,,,,20,1,30.0,0.6,1.0,mon003_die,,,,,,
蛇怪,2725,0,"1,1,1",mon014,mon014_c,,,,,,30,1,80.0,0.5,3.0,,,,,,,
青藤妖虫,2726,0,"1,1,1",mon006,mon006_f,,,,,,20,1,20.0,0.6,3.0,,,,,,,
伏地魔,2727,0,"1,1,1",mon026,mon026_b,,,,,,20,1,50.0,0.7,2.0,,,,,,,
地狱护兽,2728,0,"1,1,1",mon027,mon027_b,,,,,,30,2,120.0,0.67,2.0,,,,,,,
尸兽,2729,0,"1,1,1",mon012,mon012_c,,,,,,30,2,50.0,0.8,3.0,,,,,,,
鬼王草,2730,0,"3,3,3",mon002_boss_b,,,,,,,30,2,30.0,1.0,3.0,,,,,,,
黑岩老妖,2731,0,"2,2,2",mon005_boss_b,,,,,,,25,2,40.0,0.6,2.0,,,,,,,
魔狼王,2732,0,"1.5,1.5,1.5",mon007_boss_b,,,,,,,30,3,97.0,0.65,2.0,,,,,,,
雾灵雉精,2733,0,"2,2,2",mon023_boss_b,,,,,,,30,2,45.0,0.75,2.0,,,,,,,
九色天狐,2734,0,"1,1,1",mon022_boss_b,,,,,,,30,2,45.0,0.5,2.0,,,,,,,
逆道天师,2735,0,"1.5,1.5,1.5",mon009_boss_b,,,,,,,30,2,60.0,0.5,2.0,,,mon009_boss_effect,root,,,
上楼梯,2736,0,"1,1,1",sncave_door01a,,,,,,,60,2,0.0,0.8,3.0,,,,,,,
下楼梯,2737,0,"1,1,1",sncave_door02a,,,,,,,60,2,0.0,0.8,3.0,,,,,,,
外面楼梯,2738,0,"1,1,1",sncave_enter,,,,,,,60,2,0.0,0.8,3.0,,,,,,,
招财蜍精,2739,0,"1.2,1.2,1.2",npc042,,,,,,,20,1,,,,,,,,,,
乡邻蜍精,2740,0,"1.1,1.1,1.1",npc043,,,,,,,20,1,,,,,,,,,,
将军蜍精,2741,0,"1.2,1.2,1.2",npc044,,,,,,,20,1,,,,,,,,,,
圣佛蜍精,2742,0,"1.2,1.2,1.2",npc045,,,,,,,20,1,,,,,,,,,,
凶兽,2743,0,"1,1,1",mon012,mon012_d,,,,,,30,2,50.0,0.8,3.0,,,,,,,
幻灵魔姬,2744,0,"2,2,2",mon010,mon010_boss_b,,,,,,30,2,30.0,0.75,2.0,,,,,,,
虎头怪,2745,0,"1,1,1",mon013,mon013_b,,,,,,25,2,40.0,0.75,3.0,,,,,,,
蛇魔,2746,0,"1,1,1",mon014,mon014_d,,,,,,25,1,80.0,0.5,3.0,,,,,,,
骷髅骑兵,2747,0,"1,1,1",mon015,mon015_c,,,,,,30,1,90.0,0.67,3.0,,,,,,,
巫支魔,2748,0,"1,1,1",mon016,mon016_c,,,,,,30,2,70.0,0.6,3.0,,,,,,,
骸骨骑兵,2749,0,"1,1,1",mon015,mon015_d,,,,,,30,1,90.0,0.67,3.0,,,,,,,
妖洞护兽,2750,0,"1.5,1.5,1.5",mon027_boss,mon027_boss_b,,,,,,30,2,120.0,0.67,2.0,,,,,,,
妖佛,2751,0,"1,1,1",mon021,mon021_b,,,,,,30,1,60.0,0.5,2.0,,,,,,,
磷怪,2752,0,"1,1,1",mon025,mon025_d,,,,,,20,1,76.0,0.67,2.0,,,,,,,
血佛,2753,0,"1,1,1",mon028,mon028_b,,,,,,20,1,60.0,0.85,1.0,mon028_die,,,,,,
石树精,2754,0,"1.5,1.5,1.5",mon029,mon029_b,,,,,,25,2,25.0,0.6,1.0,mon029_die,,,,,,
食人魔,2755,0,"1,1,1",mon031,mon031_c,,,,,,25,2,108.0,0.85,1.0,mon031_die_b,,,,,,
蓝瑙护卫,2756,0,"1,1,1",mon017,mon017_c,,,,,,30,1,50.0,0.3,1.0,mon017_die,,,,,,
巫灵,2757,0,"1,1,1",mon037,mon037_e,,,,,,25,2,60.0,0.5,2.0,,,,,,,
噬魄,2758,0,"0.6,0.6,0.6",mon030,mon030_b,,,,,,30,1,60.0,0.6,1.0,mon030_die,,,,,,
嗜血兽,2759,0,"1,1,1",mon034,mon034_c,,,,,,30,2,180.0,1.0,2.0,,,,,,,
化石护卫,2760,0,"1,1,1",mon019,mon019_b,,,,,,30,1,147.0,0.75,1.0,mon019_die,,,,,,
岗岩护卫,2761,0,"1,1,1",mon018,mon018_b,,,,,,30,1,60.0,0.4,1.0,mon018_die,,,,,,
尸王龙,2762,0,"1,1,1",mon035,mon035_c,,,,,,35,3,60.0,0.75,1.0,mon035_die_b,,,,,,
山魈虎,2763,0,"1,1,1",mon032,mon032_c,,,,,,30,2,50.0,0.65,2.0,,,,,,,
魔鬼旄,2764,0,"1,1,1",mon040,mon040_c,,,,,,25,2,65.0,0.67,2.0,,,,,,,
熔浆护卫,2765,0,"1,1,1",mon020,mon020_b,,,,,,30,1,121.0,0.75,1.0,mon020_die,,,,,,
巨魔兽,2766,0,"1,1,1",mon034,mon034_d,,,,,,30,2,180.0,1.0,2.0,,,,,,,
蚩尤尸,2767,0,"1,1,1",mon041,mon041_c,,,,,,20,2,114.0,0.6,1.0,mon041_die_a,,,,,,
融原魔将,2768,0,"1,1,1",mon033,mon033_c,,,,,,30,2,100.0,0.75,2.0,,,,,,,
化骨龙,2769,0,"1,1,1",mon035,mon035_d,,,,,,35,3,60.0,0.75,1.0,mon035_die_a,,,,,,
阎土魔,2770,0,"1,1,1",mon042,mon042_c,,,,,,25,2,170.0,1.0,2.0,,,,,,,
遁地兽,2771,0,"1,1,1",mon036,mon036_c,,,,,,35,3,40.0,0.67,2.0,,,,,,,
风魔师,2772,0,"1,1,1",mon037,mon037_d,,,,,,25,2,60.0,0.5,2.0,,,,,,,
刑天怪,2773,0,"1,1,1",mon031,mon031_d,,,,,,30,2,108.0,0.85,1.0,mon031_die_a,,,,,,
神鬼,2774,0,"1,1,1",mon101,mon101_boss_b,,,,,,35,1,80.0,0.67,2.0,,,,,,,
妖后,2775,0,"1.5,1.5,1.5",mon103,mon103_boss_b,,,,,,30,1,80.0,0.67,2.0,,,,,,,
魔帝,2776,0,"1,1,1",mon104,mon104_boss_b,,,,,,35,1,45.0,0.4,2.0,,,,,,,
海夜叉,2777,0,"1,1,1",mon046_boss,,,,,,,45,2,48.0,1.0,2.0,,,,,,,
雷虬龙,2778,0,"1,1,1",mon051_boss,,,,,,,50,2,45.0,0.5,2.0,,,,,,,
鬼仙,2779,0,"1,1,1",mon054_boss,,,,,,,45,2,27.0,0.85,2.0,,,,,,,
天仙,2780,0,"1,1,1",mon056_boss,,,,,,,45,2,30.0,0.75,2.0,,,,,,,
青铜矿,2781,0,"1,1,1",mon241,,,,,,,30,2,0.0,0.0,4.0,,,,,,,
精铁矿,2782,0,"1,1,1",mon242,,,,,,,30,2,0.0,0.0,4.0,,,,,,,
云石矿,2783,0,"1,1,1",mon243,,,,,,,30,2,0.0,0.0,4.0,,,,,,,
玄铁矿,2784,0,"1,1,1",mon244,,,,,,,30,2,0.0,0.0,4.0,,,,,,,
玄天冰魄,2785,0,"1,1,1",mon245,,,,,,,30,2,0.0,0.0,4.0,,,,,,,
当归,2786,0,"1,1,1",mon246,,,,,,,30,2,0.0,0.0,4.0,,,,,,,
黄芩,2787,0,"1,1,1",mon247,,,,,,,30,2,0.0,0.0,4.0,,,,,,,
丹参,2788,0,"1,1,1",mon248,,,,,,,30,2,0.0,0.0,4.0,,,,,,,
番红花,2789,0,"1,1,1",mon249,,,,,,,30,2,0.0,0.0,4.0,,,,,,,
天山雪莲,2790,0,"1,1,1",mon250,,,,,,,30,2,0.0,0.0,4.0,,,,,,,
狂战蜍精,2791,0,"1.4,1.4,1.4",npc046,,,,,,,20,1,,,,,,,,,,
风舞蜍精,2792,0,"1.4,1.4,1.4",npc047,,,,,,,20,1,,,,,,,,,,
神传蜍精,2793,0,"1.2,1.2,1.2",npc048,,,,,,,20,1,,,,,,,,,,
邪灵蜍精,2794,0,"1.2,1.2,1.2",npc049,,,,,,,20,1,,,,,,,,,,
圣诞蜍精,2795,0,"1,1,1",npc050,,,,,,,20,1,80.0,0.85,2.0,,,eff_npc050,root,,,
余庆,2796,0,"1,1,1",npc038,npc038_b,,,,,,30,2,75.0,1.0,3.0,,,,,,,
太颠,2797,0,"1,1,1",npc041,npc041_b,,,,,,30,2,75.0,1.0,3.0,,,,,,,
金兵,2798,0,"1,1,1",mon069,mon069_c,,,,,,20,1,75.0,1.0,3.0,,,,,,,
木兵,2799,0,"1,1,1",mon069,mon069_b,,,,,,20,1,75.0,1.0,3.0,,,,,,,
水兵,2800,0,"1,1,1",mon069,mon069_e,,,,,,20,1,75.0,1.0,3.0,,,,,,,
火兵,2801,0,"1,1,1",mon069,mon069_d,,,,,,20,1,75.0,1.0,3.0,,,,,,,
土兵,2802,0,"1,1,1",mon069,,,,,,,20,1,75.0,1.0,3.0,,,,,,,
金兵统领,2803,0,"1,1,1",mon070,mon070_b,,,,,,20,1,75.0,1.2,3.0,,,,,,,
木兵统领,2804,0,"1,1,1",mon070,mon070_a,,,,,,20,1,75.0,1.2,3.0,,,,,,,
水兵统领,2805,0,"1,1,1",mon070,mon070_e,,,,,,20,1,75.0,1.2,3.0,,,,,,,
火兵统领,2806,0,"1,1,1",mon070,mon070_d,,,,,,20,1,75.0,1.2,3.0,,,,,,,
土兵统领,2807,0,"1,1,1",mon070,,,,,,,20,1,75.0,1.2,3.0,,,,,,,
元神,2808,0,"1,1,1",mon071,,,,,,,30,1,0.0,0.0,1.0,eff_mon071_die,,,,,,
泥塑,2809,0,"1,1,1",mon071_b,,,,,,,30,1,0.0,0.0,1.0,eff_mon071_die,,,,,,
金结界石,2810,0,"1,1,1",mon072,mon072_c,,,,,,40,3,0.0,1.0,1.0,eff_mon072_die,,eff_mon072,root,,,
木结界石,2811,0,"1,1,1",mon072,mon072_b,,,,,,40,3,0.0,1.0,1.0,eff_mon072_die,,eff_mon072,root,,,
水结界石,2812,0,"1,1,1",mon072,mon072_e,,,,,,40,3,0.0,1.0,1.0,eff_mon072_die,,eff_mon072,root,,,
火结界石,2813,0,"1,1,1",mon072,mon072_d,,,,,,40,3,0.0,1.0,1.0,eff_mon072_die,,eff_mon072,root,,,
土结界石,2814,0,"1,1,1",mon072,,,,,,,40,3,0.0,1.0,1.0,eff_mon072_die,,eff_mon072,root,,,
九曲黄河阵阵门,2815,0,"1,1.5,1",mon073,,,,,,,80,3,0.0,0.0,1.0,eff_mon073_die,,,,,,
杨戬,2816,0,"1,1,1",mon200,,,,,,,30,2,90.0,1.0,2.0,,,,,,,
姜子牙,2817,0,"1,1,1",mon203,,,,,,,40,3,90.0,1.0,2.0,,,,,,,
闻仲,2818,0,"1,1,1",mon208,,,,,,,40,3,120.0,0.75,2.0,,,,,,,
赵公明,2819,0,"1,1,1",mon210,,,,,,,40,3,90.0,0.75,2.0,,,,,,,
金吒,2820,0,"1,1,1",mon211,,,,,,,30,2,90.0,0.75,2.0,,,,,,,
木吒,2821,0,"1,1,1",mon211,mon211_b,,,,,,30,2,90.0,0.75,2.0,,,,,,,
黄天化,2822,0,"1,1,1",mon216,,,,,,,40,3,120.0,0.4,2.0,,,,,,,
邓忠,2823,0,"1,1,1",mon217,,,,,,,30,1,75.0,1.0,3.0,,,,,,,
张节,2824,0,"1,1,1",mon217,mon217_b,,,,,,30,1,75.0,1.0,3.0,,,,,,,
陶荣,2825,0,"1,1,1",mon217,mon217_c,,,,,,30,1,75.0,1.0,3.0,,,,,,,
辛环,2826,0,"1,1,1",mon218,,,,,,,30,2,90.0,0.6,2.0,,,,,,,
龙须虎,2827,0,"1,1,1",mon233,,,,,,,30,2,90.0,0.6,2.0,,,,,,,
陈九公,2828,0,"1,1,1",mon235,,,,,,,30,1,75.0,1.0,3.0,,,,,,,
云霄娘娘,2829,0,"1,1,1",mon238,,,,,,,40,3,120.0,0.5,1.0,eff_mon238_die,,eff_mon238,Box01,,,
琼霄娘娘,2830,0,"1,1,1",mon238,mon238_b,,,,,,40,3,120.0,0.5,1.0,eff_mon238_die,,eff_mon238,Box01,,,
碧霄娘娘,2831,0,"1,1,1",mon238,mon238_c,,,,,,40,3,120.0,0.5,1.0,eff_mon238_die,,eff_mon238,Box01,,,
黄天祥,2832,0,"1,1,1",mon239,,,,,,,30,2,75.0,1.0,3.0,,,,,,,
黄天禄,2833,0,"1,1,1",mon239,mon239_a,,,,,,30,2,75.0,1.0,3.0,,,,,,,
九曲黄河阵门柱,2834,0,"0.5,0.5,1.5",npc034,,,,,,,30,2,0.0,1.0,4.0,,,,,,,
商令旗,2835,0,"1,1,1",mon079,,,,,,,30,2,0.0,1.0,4.0,,,,,,,
周令旗,2836,0,"1,1,1",mon076,,,,,,,30,2,0.0,1.0,4.0,,,,,,,
杨戬,2837,0,"1,1,1",mon301,,,,,,,30,2,90.0,1.0,2.0,,,,,,,
雷震子,2838,0,"1,1,1",mon303,,,,,,,30,2,90.0,0.75,2.0,,,,,,,
申公豹,2839,0,"1,1,1",mon305,,,,,,,50,2,120.0,0.6,2.0,,,,,,,
猴子,2840,0,"1,1,1",mon304a,,,,,,,30,2,80.0,1.0,2.0,,,,,,,
哪咤,2841,0,"1,1,1",mon302,,,,,,,30,2,90.0,1.0,1.0,eff_mon302_die,,,,,,
袁洪,2842,0,"1,1,1",mon304,,,,,,,30,2,90.0,0.6,1.0,eff_mon304_die,,eff_mon304,root,,,
孔宣,2843,0,"1,1,1",mon306,,,,,,,30,2,90.0,1.0,2.0,,,,,,,
周复活点,2844,0,"1,1,1",mon074,,,,,,,30,2,0.0,1.0,4.0,,,,,,,
商复活点,2845,0,"1,1,1",mon077,,,,,,,30,2,0.0,1.0,4.0,,,,,,,
周复活点,2846,0,"1,1,1",mon075,,,,,,,30,2,0.0,1.0,4.0,,,,,,,
商复活点,2847,0,"1,1,1",mon078,,,,,,,30,2,0.0,1.0,4.0,,,,,,,
哮天犬,2848,0,"1,1,1",mon251,,,,,,,40,3,150.0,0.85,2.0,,,,,,_40ride,
新年财神,2849,0,"1,1,1",npc050_a,,,,,,,40,1,80.0,0.85,2.0,,,,,,,
哮天犬,2850,0,"0.5,0.5,0.5",mon253,,,,,,,40,3,150.0,1.0,2.0,,,,,,_40ride,
哮天犬,2851,0,"0.65,0.65,0.65",mon253,,,,,,,40,3,150.0,1.0,2.0,,,,,,_40ride,
哮天犬,2852,0,"0.7,0.7,0.7",mon252,,,,,,,40,3,150.0,1.0,2.0,,,,,,_40ride,
哮天犬,2853,0,"0.8,0.8,0.8",mon252,,,,,,,40,3,150.0,1.0,2.0,,,,,,_40ride,
哮天犬,2854,0,"0.9,0.9,0.9",mon251,,,,,,,40,3,150.0,1.0,2.0,,,,,,_40ride,
赤焰麒麟,2855,0,"0.5,0.5,0.5",mon307,,,,,,,40,3,110.0,1.0,2.0,,,,,,_50ride,
赤焰麒麟,2856,0,"0.65,0.65,0.65",mon307,,,,,,,40,3,110.0,1.0,2.0,,,,,,_50ride,
赤焰麒麟,2857,0,"0.7,0.7,0.7",mon307,,,,,,,40,3,110.0,1.0,2.0,,,,,,_50ride,
赤焰麒麟,2858,0,"0.8,0.8,0.8",mon307,,,,,,,40,3,110.0,1.0,2.0,,,,,,_50ride,
赤焰麒麟,2859,0,"0.9,0.9,0.9",mon307,,,,,,,40,3,110.0,1.0,2.0,,,,,,_50ride,
赤焰麒麟,2860,0,"1,1,1",mon307,,,,,,,40,3,110.0,1.0,2.0,,,,,,_50ride,
矿工蜍精,2861,0,"1,1,1",npc050_b,,,,,,,40,1,80.0,1.0,2.0,,,,,,,
妖僧,3000,0,"1.5,1.5,1.5",mon267,,,,,,,40,1,100.0,1.0,2.0,,,,,,,
蜥蜴怪,3001,0,"1.5,1.5,1.5",mon562,,,,,,,40,1,110.0,1.0,2.0,,,,,,,
蝙蝠怪,3002,0,"1.5,1.5,1.5",mon571,,,,,,,40,1,110.0,1.0,2.0,,,,,,,
鬼女,3003,0,"1.5,1.5,1.5",pgw03,,,,,,,40,1,140.0,1.0,2.0,,,,,,,
鬼男,3004,0,"1.5,1.5,1.5",pgm4,,,,,,,40,1,140.0,1.0,2.0,,,,,,,
阿宝,3005,0,"1,1,1",mon0015,,,,,,,40,1,140.0,1.0,2.0,,,,,,,
怪1,3006,0,"1.5,1.5,1.5",mon501,,,,,,,40,1,120.0,1.0,2.0,,,,,,,
怪2,3007,0,"1,1,1",mon502,,,,,,,40,1,120.0,1.0,2.0,,,,,,,
怪3,3008,0,"1,1,1",mon503,,,,,,,40,1,120.0,1.0,2.0,,,,,,,
怪4,3009,0,"1.5,1.5,1.5",mon504,,,,,,,40,1,120.0,1.0,2.0,,,,,,,
怪5,3010,0,"1.5,1.5,1.5",mon505,,,,,,,40,1,120.0,1.0,2.0,,,,,,,
怪6,3011,0,"1,1,1",mon506,,,,,,,40,1,120.0,1.0,2.0,,,,,,,
怪7,3012,0,"1,1,1",mon508,,,,,,,40,1,120.0,1.0,2.0,,,,,,,
怪8,3013,0,"1,1,1",mon509,,,,,,,40,1,120.0,1.0,2.0,,,,,,,
怪9,3014,0,"1.5,1.5,1.5",mon510,,,,,,,40,1,120.0,1.0,2.0,,,,,,,
怪10,3015,0,"1.5,1.5,1.5",mon511,,,,,,,40,1,120.0,1.0,2.0,,,,,,,
怪11,3016,0,"1.5,1.5,1.5",mon512,,,,,,,40,1,120.0,1.0,2.0,,,,,,,
怪12,3017,0,"1.5,1.5,1.5",mon513,,,,,,,40,1,120.0,1.0,2.0,,,,,,,
怪13,3018,0,"1,1,1",mon514,,,,,,,40,1,120.0,1.0,2.0,,,,,,,
怪14,3019,0,"1.5,1.5,1.5",mon516,,,,,,,40,1,120.0,1.0,2.0,,,,,,,
怪15,3020,0,"1,1,1",mon518,,,,,,,40,1,120.0,1.0,2.0,,,,,,,
怪16,3021,0,"1.5,1.5,1.5",mon519,,,,,,,40,1,120.0,1.0,2.0,,,,,,,
怪17,3022,0,"1.5,1.5,1.5",mon520,,,,,,,40,1,120.0,1.0,2.0,,,,,,,
怪18,3023,0,"1.5,1.5,1.5",mon522,,,,,,,40,1,120.0,1.0,2.0,,,,,,,
怪19,3024,0,"2,2,2",mon562,,,,,,,40,1,120.0,1.0,2.0,,,,,,,
怪20,3025,0,"1,1,1",mon563,,,,,,,40,1,120.0,1.0,2.0,,,,,,,
怪21,3026,0,"1.5,1.5,1.5",mon571,,,,,,,40,1,120.0,1.0,2.0,,,,,,,
怪22,3027,0,"1.5,1.5,1.5",mon577,,,,,,,40,1,120.0,1.0,2.0,,,,,,,
怪23,3028,0,"1,1,1",mon0030,,,,,,,40,1,120.0,1.0,2.0,,,,,,,
怪24,3029,0,"1,1,1",mon0031,,,,,,,40,1,120.0,1.0,2.0,,,,,,,
怪25,3030,0,"1.5,1.5,1.5",mon0089,,,,,,,40,1,120.0,1.0,2.0,,,,,,,
怪26,3031,0,"1.5,1.5,1.5",mon0259,,,,,,,40,1,120.0,1.0,2.0,,,,,,,
怪27,3032,0,"2,2,2",mon0264,,,,,,,40,1,120.0,1.0,2.0,,,,,,,
怪28,3033,0,"1.5,1.5,1.5",mon0265,,,,,,,40,1,120.0,1.0,2.0,,,,,,,
怪29,3034,0,"2,2,2",mon0267,,,,,,,40,1,120.0,1.0,2.0,,,,,,,
怪30,3035,0,"1.5,1.5,1.5",mon0328,,,,,,,40,1,120.0,1.0,2.0,,,,,,,
怪31,3036,0,"1.5,1.5,1.5",mon0005,,,,,,,40,1,120.0,1.0,2.0,,,,,,,
怪32,3037,0,"1,1,1",mon_npc021,,,,,,,40,1,120.0,1.0,2.0,,,,,,,
怪33,3038,0,"1,1,1",mon_npc113,,,,,,,40,1,120.0,1.0,2.0,,,,,,,
怪34,3039,0,"1,1,1",mon_npc170,,,,,,,40,1,120.0,1.0,2.0,,,,,,,
怪35,3040,0,"1,1,1",mon_npc190,,,,,,,40,1,120.0,1.0,2.0,,,,,,,
怪36,3041,0,"1,1,1",mon0314,,,,,,,40,1,120.0,1.0,2.0,,,,,,,
怪37,3042,0,"1,1,1",mon0315,,,,,,,40,1,120.0,1.0,2.0,,,,,,,
怪38,3043,0,"1,1,1",mon0320,,,,,,,40,1,120.0,1.0,2.0,,,,,,,
怪39,3044,0,"1,1,1",mon0322,,,,,,,40,1,120.0,1.0,2.0,,,,,,,
怪40,3045,0,"1,1,1",mon0323,,,,,,,40,1,120.0,1.0,2.0,,,,,,,
黑风怪,3046,0,,mon900,,,,,,,45,2,65.0,0.8,1.0,esc05_die,,,,,,
鬼男,3047,0,"1.5,1.5,1.5",pgm4_1,,,,,,,40,1,140.0,1.0,2.0,,,,,,,
鬼男,3048,0,"1.5,1.5,1.5",pgm4_2,,,,,,,40,1,140.0,1.0,2.0,,,,,,,
鬼男虎,3049,0,"1.5,1.5,1.5",pgm4_3,,,,,,,40,1,140.0,1.0,2.0,,,,,,,
鬼男爆,3050,0,"1.5,1.5,1.5",pgm4_4,,,,,,,40,1,140.0,1.0,2.0,,,,,,,
鬼女,3051,0,"1.5,1.5,1.5",pgw_1,,,,,,,40,1,140.0,1.0,2.0,,,,,,,
鬼女,3052,0,"1.5,1.5,1.5",pgw_2,,,,,,,40,1,140.0,1.0,2.0,,,,,,,
怪41,3053,0,"1,1,1",mon0265,,,,,,,40,1,78.0,0.67,2.0,,,,,,,
怪42,3054,0,"1,1,1",mon0259,,,,,,,40,1,120.0,1.0,2.0,,,,,,,
(金),3055,0,"1,1,1",s_pet006_jin,,,,,,,15,1,30.0,1.0,3.0,,,,,,,
(木),3056,0,"1,1,1",s_pet006_tree,,,,,,,15,1,30.0,1.0,3.0,,,,,,,
(水),3057,0,"1,1,1",s_pet006_water,,,,,,,15,1,30.0,1.0,3.0,,,,,,,
(火),3058,0,"1,1,1",s_pet006_fire,,,,,,,15,1,30.0,1.0,3.0,,,,,,,
(土),3059,0,"1,1,1",s_pet006_tu,,,,,,,15,1,30.0,1.0,3.0,,,,,,,
,,,,,,,,,,,,,,,,,,,,,,
,,,,,,,,,,,,,,,,,,,,,,
障气穴口,4001,0,"1,1,1",mon601,,,,,,,25,1,45,1,2,,,,,,,
曲风草,4002,0,"1,1,1",mon602,,,,,,,25,1,45,1,2,,,,,,,
云柱,4003,0,"1,1,1",mon603,,,,,,,25,1,45,1,2,,,,,,,
琴桌,4004,0,"1,1,1",mon604,,,,,,,25,1,45,1,2,,,,,,,
红蓝花,4005,0,"1,1,1",mon605,,,,,,,25,1,45,1,2,,,,,,,
雪山灵芝,4006,0,"1,1,1",mon606,,,,,,,25,1,45,1,2,,,,,,,
双手大斧,4007,0,"2.8,2.8,2.8",mon607,,,,,,,25,1,45,1,2,,,,,,,
面桌,4008,0,"1,1,1",mon608,,,,,,,25,1,45,1,2,,,,,,,
药缸,4009,0,"1,1,1",mon609,,,,,,,25,1,45,1,2,,,,,,,
青竹,4010,0,"1,1,1",mon610,,,,,,,25,1,45,1,2,,,,,,,
紫烟,4011,0,"1,1,1",mon611,,,,,,,25,1,45,1,2,,,,,,,
百年丹参,4012,0,"1,1,1",mon612,,,,,,,25,1,45,1,2,,,,,,,
宝箱,4013,0,"0.5,0.5,0.5",mon181,,,,,,,25,1,45,1,2,,,,,,,
禁制,4014,0,"1,1,1",mon182,,,,,,,25,1,45,1,2,,,,,,,
阵眼,4015,0,"1,1,1",mon183,,,,,,,25,1,45,1,2,,,,,,,
护灵塔,4016,0,"4,4,4",mon184,,,,,,,25,1,45,1,2,,,,,,,
剑灵,4017,0,"1,1,1",mon611_01,,,,,,,35,1,45,1,2,,,,,,,
,,,,,,,,,,,,,,,,,,,,,,
黑铁矿,5001,0,"0.5,0.5,0.5",mon701,,,,,,,30,2,0,0,4,,,eff_addhp,root,,,
黄铜矿,5002,0,"0.5,0.5,0.5",mon702,,,,,,,30,2,0,0,4,,,eff_addhp,root,,,
白银矿,5003,0,"0.5,0.5,0.5",mon703,,,,,,,30,2,0,0,4,,,eff_addhp,root,,,
白金矿,5004,0,"0.5,0.5,0.5",mon704,,,,,,,30,2,0,0,4,,,eff_addhp,root,,,
翠玉矿,5005,0,"0.5,0.5,0.5",mon705,,,,,,,30,2,0,0,4,,,eff_addhp,root,,,
玄龟矿,5006,0,"0.5,0.5,0.5",mon706,,,,,,,30,2,0,0,4,,,eff_addhp,root,,,
玄雀矿,5007,0,"0.5,0.5,0.5",mon707,,,,,,,30,2,0,0,4,,,eff_addhp,root,,,
虎啸矿,5008,0,"0.5,0.5,0.5",mon708,,,,,,,30,2,0,0,4,,,eff_addhp,root,,,
龙胆矿,5009,0,"0.5,0.5,0.5",mon701,,,,,,,30,2,0,0,4,,,eff_addhp,root,,,
阴阳矿,5010,0,"0.5,0.5,0.5",mon701,,,,,,,30,2,0,0,4,,,eff_addhp,root,,,
三叶草,5016,0,"0.5,0.5,0.5",mon722,,,,,,,30,2,0,0,4,,,eff_addhp,root,,,
醉梦草,5017,0,"0.5,0.5,0.5",mon723,,,,,,,30,2,0,0,4,,,eff_addhp,root,,,
龙蛇草,5018,0,"0.5,0.5,0.5",mon724,,,,,,,30,2,0,0,4,,,eff_addhp,root,,,
化血草,5019,0,"0.5,0.5,0.5",mon725,,,,,,,30,2,0,0,4,,,eff_addhp,root,,,
断肠草,5020,0,"0.5,0.5,0.5",mon726,,,,,,,30,2,0,0,4,,,eff_addhp,root,,,
龙桂枝,5021,0,"0.5,0.5,0.5",mon727,,,,,,,30,2,0,0,4,,,eff_addhp,root,,,
紫烟花,5022,0,"0.5,0.5,0.5",mon728,,,,,,,30,2,0,0,4,,,eff_addhp,root,,,
五色莲,5023,0,"0.5,0.5,0.5",mon729,,,,,,,30,2,0,0,4,,,eff_addhp,root,,,
六叶莲,5024,0,"0.5,0.5,0.5",mon722,,,,,,,30,2,0,0,4,,,eff_addhp,root,,,
九阴芝,5025,0,"0.5,0.5,0.5",mon722,,,,,,,30,2,0,0,4,,,eff_addhp,root,,,
赤铁矿,5031,0,"0.5,0.5,0.5",mon711,,,,,,,30,2,0,0,4,,,,,,,
紫铜矿,5032,0,"0.5,0.5,0.5",mon712,,,,,,,30,2,0,0,4,,,,,,,
辉银矿,5033,0,"0.5,0.5,0.5",mon713,,,,,,,30,2,0,0,4,,,,,,,
紫金矿,5034,0,"0.5,0.5,0.5",mon714,,,,,,,30,2,0,0,4,,,,,,,
璞玉矿,5035,0,"0.5,0.5,0.5",mon715,,,,,,,30,2,0,0,4,,,,,,,
玄武矿,5036,0,"0.5,0.5,0.5",mon716,,,,,,,30,2,0,0,4,,,,,,,
朱雀矿,5037,0,"0.5,0.5,0.5",mon717,,,,,,,30,2,0,0,4,,,,,,,
白虎矿,5038,0,"0.5,0.5,0.5",mon718,,,,,,,30,2,0,0,4,,,,,,,
青龙矿,5039,0,"0.5,0.5,0.5",mon711,,,,,,,30,2,0,0,4,,,,,,,
二极矿,5040,0,"0.5,0.5,0.5",mon711,,,,,,,30,2,0,0,4,,,,,,,
千年三叶草,5046,0,"0.5,0.5,0.5",mon732,,,,,,,30,2,0,0,4,,,,,,,
千年醉梦草,5047,0,"0.5,0.5,0.5",mon733,,,,,,,30,2,0,0,4,,,,,,,
千年龙蛇草,5048,0,"0.5,0.5,0.5",mon734,,,,,,,30,2,0,0,4,,,,,,,
千年化血草,5049,0,"0.5,0.5,0.5",mon735,,,,,,,30,2,0,0,4,,,,,,,
千年断肠草,5050,0,"0.5,0.5,0.5",mon736,,,,,,,30,2,0,0,4,,,,,,,
千年龙桂枝,5051,0,"0.5,0.5,0.5",mon737,,,,,,,30,2,0,0,4,,,,,,,
千年紫烟花,5052,0,"0.5,0.5,0.5",mon738,,,,,,,30,2,0,0,4,,,,,,,
千年五色莲,5053,0,"0.5,0.5,0.5",mon739,,,,,,,30,2,0,0,4,,,,,,,
千年六叶莲,5054,0,"0.5,0.5,0.5",mon732,,,,,,,30,2,0,0,4,,,,,,,
千年九阴芝,5055,0,"0.5,0.5,0.5",mon732,,,,,,,30,2,0,0,4,,,,,,,
生命水晶矿,5061,0,"1,1,1",mon721a,,,,,,,30,2,0,0,4,,,,,,,
魔法水晶矿,5062,0,"1,1,1",mon721b,,,,,,,30,2,0,0,4,,,,,,,
能量水晶矿,5063,0,"1,1,1",mon721c,,,,,,,30,2,0,0,4,,,,,,,
怒血草,5101,0,"1,1,1",mon742a,,,,,,,30,2,0,0,4,,,,,,,
净灵莲,5102,0,"1,1,1",mon742b,,,,,,,30,2,0,0,4,,,,,,,
火焰花,5103,0,"1,1,1",mon742c,,,,,,,30,2,0,0,4,,,,,,,
小货摊,5501,0,"0.5,0.5,0.5",huotan,,,,,,,30,2,0,0,4,,,,,,,
强盗老任,5502,0,"1.5,1.5,1.5",mon025,,,,,,,25,1,45,1,2,,,,,,,
小华,5503,0,"1.5,1.5,1.5",mon022,,,,,,,25,1,45,1,2,,,,,,,
流寇阿李,5504,0,"1.5,1.5,1.5",mon057,,,,,,,25,1,45,1,2,,,,,,,
大华,5505,0,"0.5,0.5,0.5",mon502d,,,,,,,30,1,120,1,2,,,,Box,,_01r,
侍女小昭,5506,0,"1.2,1.2,1.2",mon142,,,,,,,25,1,45,1,2,,,,,,,
阿星,5507,0,"2.2,2.2,2.2",mon140,,,,,,,20,1,45,1,2,,,,,,,
阿日,5508,0,"0.5,0.5,0.5",mon144c,mon144c_03,,,,,,30,1,120,1,2,,,,,,,
,,,,,,,,,,,,,,,,,,,,,,
地穴魔蛛,6000,0,"1,1,1",mon011_1,mon011_03,,,,,,35,1,45,1,2,,,,,,,
地穴魔蛛,6001,0,"2,2,2",mon011,mon011_03,,,,,,35,1,45,1,2,,,,,,,
鬼魅,6002,0,"1.5,1.5,1.5",mon161,,,,,,,35,1,50,1,2,,,,,,,
九尾妖狐,6003,0,"1.2,1.2,1.2",mon144d,,,,,,,55,1,120,1,2,,,,,,,
腾云飞廉,6004,0,"1,1,1",mon500a,,,,,,,30,1,120,1,2,,,,Box,,_01r,
撼地山臊,6005,0,"1,1,1",mon502a,,,,,,,30,1,120,1,2,,,,Box,,_01r,
,,,,,,,,,,,,,,,,,,,,,,
利刃蛛,7001,0,"1,1,1",mon011,mon011_02,,,,,,35,1,45,1,2,,,,,,,
青面蛛,7002,0,"1,1,1",mon011,mon011_03,,,,,,35,1,45,1,2,,,,,,,
阿修罗教男仆,7003,0,"1,1,1",mon117,,,,,,,25,1,45,1,2,,,,,,,
阿修罗教女仆,7004,0,"1,1,1",mon118,,,,,,,25,1,45,1,2,,,,,,,
五尾,7005,0,"0.5,0.5,0.5",mon144c,mon144c_04,,,,,,30,1,120,1,2,,,,,,,
三尾,7006,0,"0.4,0.4,0.4",mon144b,mon144b_04,,,,,,30,1,120,1,2,,,,,,,
冰石巨人,7007,0,"1,1,1",mon062,mon062_02,,,,,,30,1,45,1,2,,,,,,,
猎狐人,7008,0,"1.2,1.2,1.2",mon110,mon110_02,,,,,,25,1,45,1,2,,,,,,,
游离的精魂,7009,0,"0.6,0.6,0.6",eff_mon056_skill03,,,,,,,25,1,30,1,2,,,,,,,
碧鳞飞廉,7010,0,"0.4,0.4,0.4",mon500c,,,,,,,20,1,120,1,2,,,,Box,,_01r,
天雷飞廉,7011,0,"0.4,0.4,0.4",mon500b,,,,,,,20,1,120,1,2,,,,Box,,_01r,
穴居山臊,7012,0,"0.6,0.6,0.6",mon502c,,,,,,,30,1,120,1,2,,,,Box,,_01r,
掘地山臊,7013,0,"0.6,0.6,0.6",mon502b,,,,,,,30,1,120,1,2,,,,Box,,_01r,
,,,,,,,,,,,,,,,,,,,,,,
狼妖吊桥,10001,0,"1.3,1.3,1.3",object_diaoqiao_01,,,,,,,30,2,0,0,4,,,,,,,
狼妖石门,10002,0,"1,1,1",object_qiang_01,,,,,,,30,2,0,0,4,,,,,,,
狼妖烽火,10003,0,"1.3,1.3,1.3",object_fenghuo_01,,,,,,,30,2,0,0,4,,,,,,,
狼妖雕像1,10004,0,"1.3,1.3,1.3",object_langdiaoxiang_01,,,,,,,30,2,0,0,4,,,,,,,
狼妖雕像2,10005,0,"1.3,1.3,1.3",object_langdiaoxiang_02,,,,,,,30,2,0,0,4,,,,,,,
狼妖雕像3,10006,0,"1.3,1.3,1.3",object_langdiaoxiang_03,,,,,,,30,2,0,0,4,,,,,,,
狼妖雕像4,10007,0,"1.3,1.3,1.3",object_langdiaoxiang_04,,,,,,,30,2,0,0,4,,,,,,,
狼妖雕像5,10008,0,"1.3,1.3,1.3",object_langdiaoxiang_05,,,,,,,30,2,0,0,4,,,,,,,
狼妖雕像6,10009,0,"1.3,1.3,1.3",object_langdiaoxiang_06,,,,,,,30,2,0,0,4,,,,,,,
狼妖雕像7,10010,0,"1.3,1.3,1.3",object_langdiaoxiang_07,,,,,,,30,2,0,0,4,,,,,,,
狼妖雕像8,10011,0,"1.3,1.3,1.3",object_langdiaoxiang_08,,,,,,,30,2,0,0,4,,,,,,,
八卦刷怪,10012,0,"1,1,1",eff_jiguan,,,,,,,30,2,0,0,4,,,,,,,
狼妖封印门,10013,0,"1,1,1",object_qiang_01,,,,,,,30,2,0,0,4,,,,,,,
封印门开关,10014,0,"1,1,1",object_kaiguan_01,,,,,,,30,2,0,0,4,,,,,,,
回血丹炉,10015,0,"1,1,1",hpdanlu,,,,,,,30,2,0,0,4,,,,,,,
九宫太极门,10016,0,"0.8,0.8,0.8",object_qiang_02,,,,,,,30,2,0,0,4,,,,,,,
九宫太极门开关,10017,0,"1,1,1",object_kaiguan_02,,,,,,,30,2,0,0,4,,,,,,,
,,,,,,,,,,,,,,,,,,,,,,
木箱,11001,0,"1,1,1",mon181_01,,,,,,,35,1,45,1,2,,,,,,,
藏宝箱,11002,0,"1,1,1",mon181_02,,,,,,,35,1,45,1,2,,,,,,,
,,,,,,,,,,,,,,,,,,,,,,
战士新手,1001,1,,pf01,,apf01,bpf01,hpf01,lpf01,,20,1,80,1,2,,,,,,,
战士1转,1002,1,,pf01,,apf05,bpf05,hpf05,lpf05,,20,1,80,1,2,,,,,,,
术师新手,1003,1,,pn01,,apn01,bpn01,hpn01,lpn01,,20,1,75,1.3,2,,,,,,,
术师1转,1004,1,,pn01,,apn05,bpn05,hpn05,lpn05,,20,1,75,1.3,2,,,,,,,
道士新手,1005,1,,pt01,,apt01,bpt01,hpt01,lpt01,,20,1,75,1.3,2,,,,,,,
道士1转,1006,1,,pt01,,apt05,bpt05,hpt05,lpt05,,20,1,75,1.3,2,,,,,,,
女猎手新手,1007,1,,ph01,,aph01,bph01,hph01,lph01,,20,1,65,1.3,2,,,,,,,
女猎手1转,1008,1,,ph01,,apn05,bph05,hph05,lph05,,20,1,65,1.3,2,,,,,,,
