,,,,,,,,,,,,,,,,,,加强型技能使用,,
DWORD,char[20],WORD,WORD,int,int,int,int,RtString,RtString,char[50],struct,struct,int,int,struct,struct,struct,struct,struct,struct
#编号,名字,"技能
类型ID","技能
系列","技能
等级","最高
等级",能看到等级,公式用,简单说明,详细说明,图标,使用条件,学习条件,消耗sp,消耗灵力,临是叠加,打开效果,关闭效果,"自己的临
时叠加效果","临时叠
加效果",使用效果
wIdx,szName,wSubID,wClass,iLevel,iMaxLev,filterSee,iLevsee,szSimpleDesc,szDescription,szIcon,filterUse,filterStudy,iSP,iSoul,actTemp,actOpen,actClose,actSelfTemp,actTargetTemp,actUse
2975,月轮舞,101,5,1,5,Metier=2;MetierLev>=0;Level>=1,,增加攻击速度5%,"<P><FONT color=""#88aadd"">作用目标：自己</FONT></P><P><FONT color=""#88aadd"">记载于上古宝录中修炼身法的秘技，结合拜月舞可使出招更为迅捷</FONT></P>",pic_skill_ts_01,,Level>=10;Metier=2;NeedSP 5 3;,1,,SpeedAttackR+0.05,,,,,
2976,月轮舞,101,5,2,5,Metier=2;MetierLev>=0;Level>=1,,增加攻击速度7%,"<P><FONT color=""#88aadd"">作用目标：自己</FONT></P><P><FONT color=""#88aadd"">记载于上古宝录中修炼身法的秘技，结合拜月舞可使出招更为迅捷</FONT></P>",pic_skill_ts_01,,Level>=15;Metier=2;NeedSP 5 3;,1,,SpeedAttackR+0.07,,,,,
2977,月轮舞,101,5,3,5,Metier=2;MetierLev>=0;Level>=1,,增加攻击速度10%,"<P><FONT color=""#88aadd"">作用目标：自己</FONT></P><P><FONT color=""#88aadd"">记载于上古宝录中修炼身法的秘技，结合拜月舞可使出招更为迅捷</FONT></P>",pic_skill_ts_01,,Level>=20;Metier=2;NeedSP 5 3;,1,,SpeedAttackR+0.10,,,,,
2978,月轮舞,101,5,4,5,Metier=2;MetierLev>=0;Level>=1,,增加攻击速度12%,"<P><FONT color=""#88aadd"">作用目标：自己</FONT></P><P><FONT color=""#88aadd"">记载于上古宝录中修炼身法的秘技，结合拜月舞可使出招更为迅捷</FONT></P>",pic_skill_ts_01,,Level>=25;Metier=2;NeedSP 5 3;,1,,SpeedAttackR+0.12,,,,,
2979,月轮舞,101,5,5,5,Metier=2;MetierLev>=0;Level>=1,,增加攻击速度15%,"<P><FONT color=""#88aadd"">作用目标：自己</FONT></P><P><FONT color=""#88aadd"">记载于上古宝录中修炼身法的秘技，结合拜月舞可使出招更为迅捷</FONT></P>",pic_skill_ts_01,,Level>=30;Metier=2;NeedSP 5 3;,1,,SpeedAttackR+0.15,,,,,
2730,羽燕投怀,78,4,1,5,Metier=2;MetierLev>=1;Level>=1,,增加普攻和技能攻击的攻击距离5,"<P><FONT color=""#88aadd"">作用目标：自己</FONT></P><P><FONT color=""#88aadd"">以玲珑身法御使兵器，犹如羽燕飞翔般涉猎及远。</FONT></P>",pic_skill_hjl_18,,Level>=40;Metier=2;NeedSP 4 34;,1,,AttackRange+5,,,,,
2731,羽燕投怀,78,4,2,5,Metier=2;MetierLev>=1;Level>=1,,增加普攻和技能攻击的攻击距离7,"<P><FONT color=""#88aadd"">作用目标：自己</FONT></P><P><FONT color=""#88aadd"">以玲珑身法御使兵器，犹如羽燕飞翔般涉猎及远。</FONT></P>",pic_skill_hjl_18,,Level>=45;Metier=2;NeedSP 4 34;,1,,AttackRange+7,,,,,
2732,羽燕投怀,78,4,3,5,Metier=2;MetierLev>=1;Level>=1,,增加普攻和技能攻击的攻击距离10,"<P><FONT color=""#88aadd"">作用目标：自己</FONT></P><P><FONT color=""#88aadd"">以玲珑身法御使兵器，犹如羽燕飞翔般涉猎及远。</FONT></P>",pic_skill_hjl_18,,Level>=50;Metier=2;NeedSP 4 34;,1,,AttackRange+10,,,,,
2733,羽燕投怀,78,4,4,5,Metier=2;MetierLev>=1;Level>=1,,增加普攻和技能攻击的攻击距离12,"<P><FONT color=""#88aadd"">作用目标：自己</FONT></P><P><FONT color=""#88aadd"">以玲珑身法御使兵器，犹如羽燕飞翔般涉猎及远。</FONT></P>",pic_skill_hjl_18,,Level>=55;Metier=2;NeedSP 4 34;,1,,AttackRange+12,,,,,
2734,羽燕投怀,78,4,5,5,Metier=2;MetierLev>=1;Level>=1,,增加普攻和技能攻击的攻击距离15,"<P><FONT color=""#88aadd"">作用目标：自己</FONT></P><P><FONT color=""#88aadd"">以玲珑身法御使兵器，犹如羽燕飞翔般涉猎及远。</FONT></P>",pic_skill_hjl_18,,Level>=60;Metier=2;NeedSP 4 34;,1,,AttackRange+15,,,,,
2735,拂袖倾城,79,4,1,5,Metier=2;MetierLev>=1;Level>=1,,增加普攻和技能攻击的命中率5%,"<P><FONT color=""#88aadd"">作用目标：自己</FONT></P><P><FONT color=""#88aadd"">以玲珑身法御使兵器，信手拂袖便如倾城盖宇般无从闪躲。</FONT></P>",pic_skill_hjl_19,,Level>=50;Metier=2;NeedSP 4 44;Need 2730;,1,,AttackRateR+0.05,,,,,
2736,拂袖倾城,79,4,2,5,Metier=2;MetierLev>=1;Level>=1,,增加普攻和技能攻击的命中率10%,"<P><FONT color=""#88aadd"">作用目标：自己</FONT></P><P><FONT color=""#88aadd"">以玲珑身法御使兵器，信手拂袖便如倾城盖宇般无从闪躲。</FONT></P>",pic_skill_hjl_19,,Level>=55;Metier=2;NeedSP 4 44;Need 2730;,1,,AttackRateR+0.10,,,,,
2737,拂袖倾城,79,4,3,5,Metier=2;MetierLev>=1;Level>=1,,增加普攻和技能攻击的命中率15%,"<P><FONT color=""#88aadd"">作用目标：自己</FONT></P><P><FONT color=""#88aadd"">以玲珑身法御使兵器，信手拂袖便如倾城盖宇般无从闪躲。</FONT></P>",pic_skill_hjl_19,,Level>=60;Metier=2;NeedSP 4 44;Need 2730;,1,,AttackRateR+0.15,,,,,
2738,拂袖倾城,79,4,4,5,Metier=2;MetierLev>=1;Level>=1,,增加普攻和技能攻击的命中率20%,"<P><FONT color=""#88aadd"">作用目标：自己</FONT></P><P><FONT color=""#88aadd"">以玲珑身法御使兵器，信手拂袖便如倾城盖宇般无从闪躲。</FONT></P>",pic_skill_hjl_19,,Level>=65;Metier=2;NeedSP 4 44;Need 2730;,1,,AttackRateR+0.20,,,,,
2739,拂袖倾城,79,4,5,5,Metier=2;MetierLev>=1;Level>=1,,增加普攻和技能攻击的命中率25%,"<P><FONT color=""#88aadd"">作用目标：自己</FONT></P><P><FONT color=""#88aadd"">以玲珑身法御使兵器，信手拂袖便如倾城盖宇般无从闪躲。</FONT></P>",pic_skill_hjl_19,,Level>=70;Metier=2;NeedSP 4 44;Need 2730;,1,,AttackRateR+0.25,,,,,
3000,凌波微步,105,5,1,5,Metier=2;MetierLev>=1;Level>=1,,增加闪避率20%,"<P><FONT color=""#88aadd"">作用目标：自己</FONT></P><P><FONT color=""#88aadd"">步履微频，凌波掠地，身形飘忽不定。</FONT></P>",pic_skill_hjh_16,,Level>=40;Metier=2;NeedSP 5 34;,1,,DodgeR+0.20,,,,,
3001,凌波微步,105,5,2,5,Metier=2;MetierLev>=1;Level>=1,,增加闪避率25%,"<P><FONT color=""#88aadd"">作用目标：自己</FONT></P><P><FONT color=""#88aadd"">步履微频，凌波掠地，身形飘忽不定。</FONT></P>",pic_skill_hjh_16,,Level>=45;Metier=2;NeedSP 5 34;,1,,DodgeR+0.25,,,,,
3002,凌波微步,105,5,3,5,Metier=2;MetierLev>=1;Level>=1,,增加闪避率30%,"<P><FONT color=""#88aadd"">作用目标：自己</FONT></P><P><FONT color=""#88aadd"">步履微频，凌波掠地，身形飘忽不定。</FONT></P>",pic_skill_hjh_16,,Level>=50;Metier=2;NeedSP 5 34;,1,,DodgeR+0.30,,,,,
3003,凌波微步,105,5,4,5,Metier=2;MetierLev>=1;Level>=1,,增加闪避率35%,"<P><FONT color=""#88aadd"">作用目标：自己</FONT></P><P><FONT color=""#88aadd"">步履微频，凌波掠地，身形飘忽不定。</FONT></P>",pic_skill_hjh_16,,Level>=55;Metier=2;NeedSP 5 34;,1,,DodgeR+0.35,,,,,
3004,凌波微步,105,5,5,5,Metier=2;MetierLev>=1;Level>=1,,增加闪避率40%,"<P><FONT color=""#88aadd"">作用目标：自己</FONT></P><P><FONT color=""#88aadd"">步履微频，凌波掠地，身形飘忽不定。</FONT></P>",pic_skill_hjh_16,,Level>=60;Metier=2;NeedSP 5 34;,1,,DodgeR+0.40,,,,,
3010,天心窥破,107,5,1,5,Metier=2;MetierLev>=1;Level>=1,,增加普攻会心一击率2%,"<P><FONT color=""#88aadd"">作用目标：自己</FONT></P><P><FONT color=""#88aadd"">将自身融入天地，上体天心窥破万物。</FONT></P>",pic_skill_hjh_18,,Level>=50;Metier=2;NeedSP 5 44;Need 3000;,1,,CriticalR+0.02,,,,,
3011,天心窥破,107,5,2,5,Metier=2;MetierLev>=1;Level>=1,,增加普攻会心一击率4%,"<P><FONT color=""#88aadd"">作用目标：自己</FONT></P><P><FONT color=""#88aadd"">将自身融入天地，上体天心窥破万物。</FONT></P>",pic_skill_hjh_18,,Level>=55;Metier=2;NeedSP 5 44;Need 3000;,1,,CriticalR+0.04,,,,,
3012,天心窥破,107,5,3,5,Metier=2;MetierLev>=1;Level>=1,,增加普攻会心一击率6%,"<P><FONT color=""#88aadd"">作用目标：自己</FONT></P><P><FONT color=""#88aadd"">将自身融入天地，上体天心窥破万物。</FONT></P>",pic_skill_hjh_18,,Level>=60;Metier=2;NeedSP 5 44;Need 3000;,1,,CriticalR+0.06,,,,,
3013,天心窥破,107,5,4,5,Metier=2;MetierLev>=1;Level>=1,,增加普攻会心一击率8%,"<P><FONT color=""#88aadd"">作用目标：自己</FONT></P><P><FONT color=""#88aadd"">将自身融入天地，上体天心窥破万物。</FONT></P>",pic_skill_hjh_18,,Level>=65;Metier=2;NeedSP 5 44;Need 3000;,1,,CriticalR+0.08,,,,,
3014,天心窥破,107,5,5,5,Metier=2;MetierLev>=1;Level>=1,,增加普攻会心一击率10%,"<P><FONT color=""#88aadd"">作用目标：自己</FONT></P><P><FONT color=""#88aadd"">将自身融入天地，上体天心窥破万物。</FONT></P>",pic_skill_hjh_18,,Level>=70;Metier=2;NeedSP 5 44;Need 3000;,1,,CriticalR+0.10,,,,,
3025,拂晓破凰,110,5,1,5,Metier=2;MetierLev>=1;Level>=1,,发动会心一击时伤害加0.5倍,"<P><FONT color=""#88aadd"">作用目标：自己</FONT></P><P><FONT color=""#88aadd"">将自身融入天地，举手投足皆蕴含着破凰之威，蔽日遮天。</FONT></P>",pic_skill_hjh_21,,Level>=60;Metier=2;NeedSP 5 54;Need 3010;,1,,calDamageR+50,,,,,
3026,拂晓破凰,110,5,2,5,Metier=2;MetierLev>=1;Level>=1,,发动会心一击时伤害加1.0倍,"<P><FONT color=""#88aadd"">作用目标：自己</FONT></P><P><FONT color=""#88aadd"">将自身融入天地，举手投足皆蕴含着破凰之威，蔽日遮天。</FONT></P>",pic_skill_hjh_21,,Level>=65;Metier=2;NeedSP 5 54;Need 3010;,1,,calDamageR+100,,,,,
3027,拂晓破凰,110,5,3,5,Metier=2;MetierLev>=1;Level>=1,,发动会心一击时伤害加1.5倍,"<P><FONT color=""#88aadd"">作用目标：自己</FONT></P><P><FONT color=""#88aadd"">将自身融入天地，举手投足皆蕴含着破凰之威，蔽日遮天。</FONT></P>",pic_skill_hjh_21,,Level>=70;Metier=2;NeedSP 5 54;Need 3010;,1,,calDamageR+150,,,,,
3028,拂晓破凰,110,5,4,5,Metier=2;MetierLev>=1;Level>=1,,发动会心一击时伤害加2.0倍,"<P><FONT color=""#88aadd"">作用目标：自己</FONT></P><P><FONT color=""#88aadd"">将自身融入天地，举手投足皆蕴含着破凰之威，蔽日遮天。</FONT></P>",pic_skill_hjh_21,,Level>=75;Metier=2;NeedSP 5 54;Need 3010;,1,,calDamageR+200,,,,,
3029,拂晓破凰,110,5,5,5,Metier=2;MetierLev>=1;Level>=1,,发动会心一击时伤害加2.5倍,"<P><FONT color=""#88aadd"">作用目标：自己</FONT></P><P><FONT color=""#88aadd"">将自身融入天地，举手投足皆蕴含着破凰之威，蔽日遮天。</FONT></P>",pic_skill_hjh_21,,Level>=80;Metier=2;NeedSP 5 54;Need 3010;,1,,calDamageR+250,,,,,
3035,离魂月赎,112,5,1,5,Metier=2;MetierLev>=1;Level>=1,,普通攻击时有1%几率击晕敌人3秒,"<P><FONT color=""#88aadd"">作用目标：自己</FONT></P><P><FONT color=""#88aadd"">月照凄冷离魂断，落尘赎身斩乾坤。</FONT></P>",pic_skill_hjh_23,,Level>=70;Metier=2;NeedSP 5 64;Need 3025;,1,,OrdinaryAddEffect 1 66,,,,,
3036,离魂月赎,112,5,2,5,Metier=2;MetierLev>=1;Level>=1,,普通攻击时有2%几率击晕敌人3秒,"<P><FONT color=""#88aadd"">作用目标：自己</FONT></P><P><FONT color=""#88aadd"">月照凄冷离魂断，落尘赎身斩乾坤。</FONT></P>",pic_skill_hjh_23,,Level>=75;Metier=2;NeedSP 5 64;Need 3025;,1,,OrdinaryAddEffect 2 66,,,,,
3037,离魂月赎,112,5,3,5,Metier=2;MetierLev>=1;Level>=1,,普通攻击时有3%几率击晕敌人3秒,"<P><FONT color=""#88aadd"">作用目标：自己</FONT></P><P><FONT color=""#88aadd"">月照凄冷离魂断，落尘赎身斩乾坤。</FONT></P>",pic_skill_hjh_23,,Level>=80;Metier=2;NeedSP 5 64;Need 3025;,1,,OrdinaryAddEffect 3 66,,,,,
3038,离魂月赎,112,5,4,5,Metier=2;MetierLev>=1;Level>=1,,普通攻击时有4%几率击晕敌人3秒,"<P><FONT color=""#88aadd"">作用目标：自己</FONT></P><P><FONT color=""#88aadd"">月照凄冷离魂断，落尘赎身斩乾坤。</FONT></P>",pic_skill_hjh_23,,Level>=85;Metier=2;NeedSP 5 64;Need 3025;,1,,OrdinaryAddEffect 4 66,,,,,
3039,离魂月赎,112,5,5,5,Metier=2;MetierLev>=1;Level>=1,,普通攻击时有5%几率击晕敌人3秒,"<P><FONT color=""#88aadd"">作用目标：自己</FONT></P><P><FONT color=""#88aadd"">月照凄冷离魂断，落尘赎身斩乾坤。</FONT></P>",pic_skill_hjh_23,,Level>=90;Metier=2;NeedSP 5 64;Need 3025;,1,,OrdinaryAddEffect 5 66,,,,,
3260,擒龙伏虎,127,1,1,5,Metier=1;MetierLev>=0;Level>=1,,增加物理攻击5%,"<P><FONT color=""#88aadd"">作用目标：自己</FONT></P><P><FONT color=""#88aadd"">运转精气汇于双臂，神力陡增，开碑裂石伏虎擒龙。</FONT></P>",pic_skill_wtf_07,,Level>=1;Metier=1;NeedSP 1 0;,1,,DamageMaxR+0.05;DamageMinR+0.05,,,,,
3261,擒龙伏虎,127,1,2,5,Metier=1;MetierLev>=0;Level>=1,,增加物理攻击7%,"<P><FONT color=""#88aadd"">作用目标：自己</FONT></P><P><FONT color=""#88aadd"">运转精气汇于双臂，神力陡增，开碑裂石伏虎擒龙。</FONT></P>",pic_skill_wtf_07,,Level>=5;Metier=1;NeedSP 1 0;,1,,DamageMaxR+0.07;DamageMinR+0.07,,,,,
3262,擒龙伏虎,127,1,3,5,Metier=1;MetierLev>=0;Level>=1,,增加物理攻击10%,"<P><FONT color=""#88aadd"">作用目标：自己</FONT></P><P><FONT color=""#88aadd"">运转精气汇于双臂，神力陡增，开碑裂石伏虎擒龙。</FONT></P>",pic_skill_wtf_07,,Level>=10;Metier=1;NeedSP 1 0;,1,,DamageMaxR+0.1;DamageMinR+0.1,,,,,
3263,擒龙伏虎,127,1,4,5,Metier=1;MetierLev>=0;Level>=1,,增加物理攻击12%,"<P><FONT color=""#88aadd"">作用目标：自己</FONT></P><P><FONT color=""#88aadd"">运转精气汇于双臂，神力陡增，开碑裂石伏虎擒龙。</FONT></P>",pic_skill_wtf_07,,Level>=15;Metier=1;NeedSP 1 0;,1,,DamageMaxR+0.12;DamageMinR+0.12,,,,,
3264,擒龙伏虎,127,1,5,5,Metier=1;MetierLev>=0;Level>=1,,增加物理攻击15%,"<P><FONT color=""#88aadd"">作用目标：自己</FONT></P><P><FONT color=""#88aadd"">运转精气汇于双臂，神力陡增，开碑裂石伏虎擒龙。</FONT></P>",pic_skill_wtf_07,,Level>=20;Metier=1;NeedSP 1 0;,1,,DamageMaxR+0.15;DamageMinR+0.15,,,,,
3320,雷霆光铧,137,1,1,5,Metier=1;MetierLev>=1;Level>=1,,增加技能爆裂一击率5%,"<P><FONT color=""#88aadd"">作用目标：自己</FONT></P><P><FONT color=""#88aadd"">雷霆九转尘寂灭，止留光铧残世间。</FONT></P>",pic_skill_wtf_17,,Level>=40;Metier=1;NeedSP 1 34;,1,,SkillCriRate+5,,,,,
3321,雷霆光铧,137,1,2,5,Metier=1;MetierLev>=1;Level>=1,,增加技能爆裂一击率7%,"<P><FONT color=""#88aadd"">作用目标：自己</FONT></P><P><FONT color=""#88aadd"">雷霆九转尘寂灭，止留光铧残世间。</FONT></P>",pic_skill_wtf_17,,Level>=45;Metier=1;NeedSP 1 34;,1,,SkillCriRate+7,,,,,
3322,雷霆光铧,137,1,3,5,Metier=1;MetierLev>=1;Level>=1,,增加技能爆裂一击率10%,"<P><FONT color=""#88aadd"">作用目标：自己</FONT></P><P><FONT color=""#88aadd"">雷霆九转尘寂灭，止留光铧残世间。</FONT></P>",pic_skill_wtf_17,,Level>=50;Metier=1;NeedSP 1 34;,1,,SkillCriRate+10,,,,,
3323,雷霆光铧,137,1,4,5,Metier=1;MetierLev>=1;Level>=1,,增加技能爆裂一击率12%,"<P><FONT color=""#88aadd"">作用目标：自己</FONT></P><P><FONT color=""#88aadd"">雷霆九转尘寂灭，止留光铧残世间。</FONT></P>",pic_skill_wtf_17,,Level>=55;Metier=1;NeedSP 1 34;,1,,SkillCriRate+12,,,,,
3324,雷霆光铧,137,1,5,5,Metier=1;MetierLev>=1;Level>=1,,增加技能爆裂一击率15%,"<P><FONT color=""#88aadd"">作用目标：自己</FONT></P><P><FONT color=""#88aadd"">雷霆九转尘寂灭，止留光铧残世间。</FONT></P>",pic_skill_wtf_17,,Level>=60;Metier=1;NeedSP 1 34;,1,,SkillCriRate+15,,,,,
3325,亟电崩离,138,1,1,5,Metier=1;MetierLev>=1;Level>=1,,增加技能爆裂一击伤害5%,"<P><FONT color=""#88aadd"">作用目标：自己</FONT></P><P><FONT color=""#88aadd"">追风朔影似亟电，山河崩离罔昆仑。</FONT></P>",pic_skill_wtf_18,,Level>=50;Metier=1;NeedSP 1 44;Need 3320;,1,,SkillCriDamage+5,,,,,
3326,亟电崩离,138,1,2,5,Metier=1;MetierLev>=1;Level>=1,,增加技能爆裂一击伤害10%,"<P><FONT color=""#88aadd"">作用目标：自己</FONT></P><P><FONT color=""#88aadd"">追风朔影似亟电，山河崩离罔昆仑。</FONT></P>",pic_skill_wtf_18,,Level>=55;Metier=1;NeedSP 1 44;Need 3320;,1,,SkillCriDamage+10,,,,,
3327,亟电崩离,138,1,3,5,Metier=1;MetierLev>=1;Level>=1,,增加技能爆裂一击伤害15%,"<P><FONT color=""#88aadd"">作用目标：自己</FONT></P><P><FONT color=""#88aadd"">追风朔影似亟电，山河崩离罔昆仑。</FONT></P>",pic_skill_wtf_18,,Level>=60;Metier=1;NeedSP 1 44;Need 3320;,1,,SkillCriDamage+15,,,,,
3328,亟电崩离,138,1,4,5,Metier=1;MetierLev>=1;Level>=1,,增加技能爆裂一击伤害20%,"<P><FONT color=""#88aadd"">作用目标：自己</FONT></P><P><FONT color=""#88aadd"">追风朔影似亟电，山河崩离罔昆仑。</FONT></P>",pic_skill_wtf_18,,Level>=65;Metier=1;NeedSP 1 44;Need 3320;,1,,SkillCriDamage+20,,,,,
3329,亟电崩离,138,1,5,5,Metier=1;MetierLev>=1;Level>=1,,增加技能爆裂一击伤害25%,"<P><FONT color=""#88aadd"">作用目标：自己</FONT></P><P><FONT color=""#88aadd"">追风朔影似亟电，山河崩离罔昆仑。</FONT></P>",pic_skill_wtf_18,,Level>=70;Metier=1;NeedSP 1 44;Need 3320;,1,,SkillCriDamage+25,,,,,
3545,真龙血,156,2,1,5,Metier=1;MetierLev>=0;Level>=1,,增加生命上限5%,"<P><FONT color=""#88aadd"">作用目标：自己</FONT></P><P><FONT color=""#88aadd"">九命真龙血洗涤自身，使体魄强健金刚不灭。</FONT></P>",pic_skill_wtc_06,,Level>=1;Metier=1;NeedSP 2 0;,1,,MaxHPR+0.05,,,,,
3546,真龙血,156,2,2,5,Metier=1;MetierLev>=0;Level>=1,,增加生命上限7%,"<P><FONT color=""#88aadd"">作用目标：自己</FONT></P><P><FONT color=""#88aadd"">九命真龙血洗涤自身，使体魄强健金刚不灭。</FONT></P>",pic_skill_wtc_06,,Level>=5;Metier=1;NeedSP 2 0;,1,,MaxHPR+0.07,,,,,
3547,真龙血,156,2,3,5,Metier=1;MetierLev>=0;Level>=1,,增加生命上限10%,"<P><FONT color=""#88aadd"">作用目标：自己</FONT></P><P><FONT color=""#88aadd"">九命真龙血洗涤自身，使体魄强健金刚不灭。</FONT></P>",pic_skill_wtc_06,,Level>=10;Metier=1;NeedSP 2 0;,1,,MaxHPR+0.10,,,,,
3548,真龙血,156,2,4,5,Metier=1;MetierLev>=0;Level>=1,,增加生命上限12%,"<P><FONT color=""#88aadd"">作用目标：自己</FONT></P><P><FONT color=""#88aadd"">九命真龙血洗涤自身，使体魄强健金刚不灭。</FONT></P>",pic_skill_wtc_06,,Level>=15;Metier=1;NeedSP 2 0;,1,,MaxHPR+0.12,,,,,
3549,真龙血,156,2,5,5,Metier=1;MetierLev>=0;Level>=1,,增加生命上限15%,"<P><FONT color=""#88aadd"">作用目标：自己</FONT></P><P><FONT color=""#88aadd"">九命真龙血洗涤自身，使体魄强健金刚不灭。</FONT></P>",pic_skill_wtc_06,,Level>=20;Metier=1;NeedSP 2 0;,1,,MaxHPR+0.15,,,,,
3550,蛮牛劲,157,2,1,5,Metier=1;MetierLev>=0;Level>=1,,增加物理防御5%,"<P><FONT color=""#88aadd"">作用目标：自己</FONT></P><P><FONT color=""#88aadd"">蛮牛较力绵长且强韧，可使受到的创伤减至最低。</FONT></P>",pic_skill_wtc_07,,Level>=10;Metier=1;NeedSP 2 3;,1,,PhyArR+0.05,,,,,
3551,蛮牛劲,157,2,2,5,Metier=1;MetierLev>=0;Level>=1,,增加物理防御10%,"<P><FONT color=""#88aadd"">作用目标：自己</FONT></P><P><FONT color=""#88aadd"">蛮牛较力绵长且强韧，可使受到的创伤减至最低。</FONT></P>",pic_skill_wtc_07,,Level>=15;Metier=1;NeedSP 2 3;,1,,PhyArR+0.10,,,,,
3552,蛮牛劲,157,2,3,5,Metier=1;MetierLev>=0;Level>=1,,增加物理防御15%,"<P><FONT color=""#88aadd"">作用目标：自己</FONT></P><P><FONT color=""#88aadd"">蛮牛较力绵长且强韧，可使受到的创伤减至最低。</FONT></P>",pic_skill_wtc_07,,Level>=20;Metier=1;NeedSP 2 3;,1,,PhyArR+0.15,,,,,
3553,蛮牛劲,157,2,4,5,Metier=1;MetierLev>=0;Level>=1,,增加物理防御20%,"<P><FONT color=""#88aadd"">作用目标：自己</FONT></P><P><FONT color=""#88aadd"">蛮牛较力绵长且强韧，可使受到的创伤减至最低。</FONT></P>",pic_skill_wtc_07,,Level>=25;Metier=1;NeedSP 2 3;,1,,PhyArR+0.20,,,,,
3554,蛮牛劲,157,2,5,5,Metier=1;MetierLev>=0;Level>=1,,增加物理防御25%,"<P><FONT color=""#88aadd"">作用目标：自己</FONT></P><P><FONT color=""#88aadd"">蛮牛较力绵长且强韧，可使受到的创伤减至最低。</FONT></P>",pic_skill_wtc_07,,Level>=30;Metier=1;NeedSP 2 3;,1,,PhyArR+0.25,,,,,
3565,五行御,160,2,1,5,Metier=1;MetierLev>=0;Level>=1,,增加元素防御100,"<P><FONT color=""#88aadd"">作用目标：自己</FONT></P><P><FONT color=""#88aadd"">方外五行自成规律，天地之力御使由心。</FONT></P>",pic_skill_wtc_10,,Level>=20;Metier=1;NeedSP 2 14;Need 3550;,1,,WaterAr+100;FireAr+100;PoisonAr+100,,,,,
3566,五行御,160,2,2,5,Metier=1;MetierLev>=0;Level>=1,,增加元素防御200,"<P><FONT color=""#88aadd"">作用目标：自己</FONT></P><P><FONT color=""#88aadd"">方外五行自成规律，天地之力御使由心。</FONT></P>",pic_skill_wtc_10,,Level>=25;Metier=1;NeedSP 2 14;Need 3550;,1,,WaterAr+200;FireAr+200;PoisonAr+200,,,,,
3567,五行御,160,2,3,5,Metier=1;MetierLev>=0;Level>=1,,增加元素防御300,"<P><FONT color=""#88aadd"">作用目标：自己</FONT></P><P><FONT color=""#88aadd"">方外五行自成规律，天地之力御使由心。</FONT></P>",pic_skill_wtc_10,,Level>=30;Metier=1;NeedSP 2 14;Need 3550;,1,,WaterAr+300;FireAr+300;PoisonAr+300,,,,,
3568,五行御,160,2,4,5,Metier=1;MetierLev>=0;Level>=1,,增加元素防御400,"<P><FONT color=""#88aadd"">作用目标：自己</FONT></P><P><FONT color=""#88aadd"">方外五行自成规律，天地之力御使由心。</FONT></P>",pic_skill_wtc_10,,Level>=35;Metier=1;NeedSP 2 14;Need 3550;,1,,WaterAr+400;FireAr+400;PoisonAr+400,,,,,
3569,五行御,160,2,5,5,Metier=1;MetierLev>=0;Level>=1,,增加元素防御500,"<P><FONT color=""#88aadd"">作用目标：自己</FONT></P><P><FONT color=""#88aadd"">方外五行自成规律，天地之力御使由心。</FONT></P>",pic_skill_wtc_10,,Level>=40;Metier=1;NeedSP 2 14;Need 3550;,1,,WaterAr+500;FireAr+500;PoisonAr+500,,,,,
3630,镇心悬,167,2,1,5,Metier=1;MetierLev>=1;Level>=1,,增加有害状态抵抗率1%,"<P><FONT color=""#88aadd"">作用目标：自己</FONT></P><P><FONT color=""#88aadd"">固本培元，气沉丹田，以真气守护心神。</FONT></P>",pic_skill_wtc_17,,Level>=40;Metier=1;NeedSP 2 34;,1,,StateResist+1,,,,,
3631,镇心悬,167,2,2,5,Metier=1;MetierLev>=1;Level>=1,,增加有害状态抵抗率2%,"<P><FONT color=""#88aadd"">作用目标：自己</FONT></P><P><FONT color=""#88aadd"">固本培元，气沉丹田，以真气守护心神。</FONT></P>",pic_skill_wtc_17,,Level>=45;Metier=1;NeedSP 2 34;,1,,StateResist+2,,,,,
3632,镇心悬,167,2,3,5,Metier=1;MetierLev>=1;Level>=1,,增加有害状态抵抗率3%,"<P><FONT color=""#88aadd"">作用目标：自己</FONT></P><P><FONT color=""#88aadd"">固本培元，气沉丹田，以真气守护心神。</FONT></P>",pic_skill_wtc_17,,Level>=50;Metier=1;NeedSP 2 34;,1,,StateResist+3,,,,,
3633,镇心悬,167,2,4,5,Metier=1;MetierLev>=1;Level>=1,,增加有害状态抵抗率4%,"<P><FONT color=""#88aadd"">作用目标：自己</FONT></P><P><FONT color=""#88aadd"">固本培元，气沉丹田，以真气守护心神。</FONT></P>",pic_skill_wtc_17,,Level>=55;Metier=1;NeedSP 2 34;,1,,StateResist+4,,,,,
3634,镇心悬,167,2,5,5,Metier=1;MetierLev>=1;Level>=1,,增加有害状态抵抗率5%,"<P><FONT color=""#88aadd"">作用目标：自己</FONT></P><P><FONT color=""#88aadd"">固本培元，气沉丹田，以真气守护心神。</FONT></P>",pic_skill_wtc_17,,Level>=60;Metier=1;NeedSP 2 34;,1,,StateResist+5,,,,,
3635,玄黄一气,168,2,1,5,Metier=1;MetierLev>=1;Level>=1,,大幅度增加生命上限+10%、物理防御+10%、元素防御+400,"<P><FONT color=""#88aadd"">作用目标：自己</FONT></P><P><FONT color=""#88aadd"">用鸿蒙玄黄之气淬炼自身，不死不灭。</FONT></P>",pic_skill_wtc_18,,Level>=50;Metier=1;NeedSP 2 44;Need 3585;,1,,MaxHPR+0.10;PhyArR+0.10;WaterAr+400;FireAr+400;PoisonAr+400,,,,,
3636,玄黄一气,168,2,2,5,Metier=1;MetierLev>=1;Level>=1,,大幅度增加生命上限+15%、物理防御+15%、元素防御+600,"<P><FONT color=""#88aadd"">作用目标：自己</FONT></P><P><FONT color=""#88aadd"">用鸿蒙玄黄之气淬炼自身，不死不灭。</FONT></P>",pic_skill_wtc_18,,Level>=55;Metier=1;NeedSP 2 44;Need 3585;,1,,MaxHPR+0.15;PhyArR+0.15;WaterAr+600;FireAr+600;PoisonAr+600,,,,,
3637,玄黄一气,168,2,3,5,Metier=1;MetierLev>=1;Level>=1,,大幅度增加生命上限+20%、物理防御+20%、元素防御+800,"<P><FONT color=""#88aadd"">作用目标：自己</FONT></P><P><FONT color=""#88aadd"">用鸿蒙玄黄之气淬炼自身，不死不灭。</FONT></P>",pic_skill_wtc_18,,Level>=60;Metier=1;NeedSP 2 44;Need 3585;,1,,MaxHPR+0.20;PhyArR+0.20;WaterAr+800;FireAr+800;PoisonAr+800,,,,,
3638,玄黄一气,168,2,4,5,Metier=1;MetierLev>=1;Level>=1,,大幅度增加生命上限+25%、物理防御+25%、元素防御+1000,"<P><FONT color=""#88aadd"">作用目标：自己</FONT></P><P><FONT color=""#88aadd"">用鸿蒙玄黄之气淬炼自身，不死不灭。</FONT></P>",pic_skill_wtc_18,,Level>=65;Metier=1;NeedSP 2 44;Need 3585;,1,,MaxHPR+0.25;PhyArR+0.25;WaterAr+1000;FireAr+1000;PoisonAr+1000,,,,,
3639,玄黄一气,168,2,5,5,Metier=1;MetierLev>=1;Level>=1,,大幅度增加生命上限+30%、物理防御+30%、元素防御+1200,"<P><FONT color=""#88aadd"">作用目标：自己</FONT></P><P><FONT color=""#88aadd"">用鸿蒙玄黄之气淬炼自身，不死不灭。</FONT></P>",pic_skill_wtc_18,,Level>=70;Metier=1;NeedSP 2 44;Need 3585;,1,,MaxHPR+0.30;PhyArR+0.30;WaterAr+1200;FireAr+1200;PoisonAr+1200,,,,,
5400,炼体,341,14,1,5,,,增加生命最大值5%,"<P><FONT color=""#88aadd"">作用目标：自己</FONT></P><P><FONT color=""#88aadd"">锻炼身体，使生机绵长</FONT></P>",pic_skill_ts_01,,,,,MaxHPR+0.05,AddEff 1011,,,,
5401,炼体,341,14,2,5,,,增加生命最大值7%,"<P><FONT color=""#88aadd"">作用目标：自己</FONT></P><P><FONT color=""#88aadd"">锻炼身体，使生机绵长</FONT></P>",pic_skill_ts_01,,,,,MaxHPR+0.07,AddEff 1012,,,,
5402,炼体,341,14,3,5,,,增加生命最大值9%,"<P><FONT color=""#88aadd"">作用目标：自己</FONT></P><P><FONT color=""#88aadd"">锻炼身体，使生机绵长</FONT></P>",pic_skill_ts_01,,,,,MaxHPR+0.09,AddEff 1013,,,,
5403,炼体,341,14,4,5,,,增加生命最大值12%,"<P><FONT color=""#88aadd"">作用目标：自己</FONT></P><P><FONT color=""#88aadd"">锻炼身体，使生机绵长</FONT></P>",pic_skill_ts_01,,,,,MaxHPR+0.12,AddEff 1014,,,,
5404,炼体,341,14,5,5,,,增加生命最大值15%,"<P><FONT color=""#88aadd"">作用目标：自己</FONT></P><P><FONT color=""#88aadd"">锻炼身体，使生机绵长</FONT></P>",pic_skill_ts_01,,,,,MaxHPR+0.15,AddEff 1015,,,,
5405,回生诀,342,14,1,5,,,增加生命恢复速度5/3秒,"<P><FONT color=""#88aadd"">作用目标：自己</FONT></P><P><FONT color=""#88aadd"">生机杳然，回生体恤，缓缓回复生命</FONT></P>",pic_skill_ts_02,,,,,,AddEff 1001,,,,
5406,回生诀,342,14,2,5,,,增加生命恢复速度8/3秒,"<P><FONT color=""#88aadd"">作用目标：自己</FONT></P><P><FONT color=""#88aadd"">生机杳然，回生体恤，缓缓回复生命</FONT></P>",pic_skill_ts_02,,,,,,AddEff 1002,,,,
5407,回生诀,342,14,3,5,,,增加生命恢复速度12/3秒,"<P><FONT color=""#88aadd"">作用目标：自己</FONT></P><P><FONT color=""#88aadd"">生机杳然，回生体恤，缓缓回复生命</FONT></P>",pic_skill_ts_02,,,,,,AddEff 1003,,,,
5408,回生诀,342,14,4,5,,,增加生命恢复速度15/3秒,"<P><FONT color=""#88aadd"">作用目标：自己</FONT></P><P><FONT color=""#88aadd"">生机杳然，回生体恤，缓缓回复生命</FONT></P>",pic_skill_ts_02,,,,,,AddEff 1004,,,,
5409,回生诀,342,14,5,5,,,增加生命恢复速度20/3秒,"<P><FONT color=""#88aadd"">作用目标：自己</FONT></P><P><FONT color=""#88aadd"">生机杳然，回生体恤，缓缓回复生命</FONT></P>",pic_skill_ts_02,,,,,,AddEff 1005,,,,
5410,炼神,343,14,1,5,,,增加法力最大值5%,"<P><FONT color=""#88aadd"">作用目标：自己</FONT></P><P><FONT color=""#88aadd"">凝练元神，使法力助长</FONT></P>",pic_skill_ts_03,,,,,MaxMPR+0.05,AddEff 1016,,,,
5411,炼神,343,14,2,5,,,增加法力最大值7%,"<P><FONT color=""#88aadd"">作用目标：自己</FONT></P><P><FONT color=""#88aadd"">凝练元神，使法力助长</FONT></P>",pic_skill_ts_03,,,,,MaxMPR+0.07,AddEff 1017,,,,
5412,炼神,343,14,3,5,,,增加法力最大值9%,"<P><FONT color=""#88aadd"">作用目标：自己</FONT></P><P><FONT color=""#88aadd"">凝练元神，使法力助长</FONT></P>",pic_skill_ts_03,,,,,MaxMPR+0.09,AddEff 1018,,,,
5413,炼神,343,14,4,5,,,增加法力最大值12%,"<P><FONT color=""#88aadd"">作用目标：自己</FONT></P><P><FONT color=""#88aadd"">凝练元神，使法力助长</FONT></P>",pic_skill_ts_03,,,,,MaxMPR+0.12,AddEff 1019,,,,
5414,炼神,343,14,5,5,,,增加法力最大值15%,"<P><FONT color=""#88aadd"">作用目标：自己</FONT></P><P><FONT color=""#88aadd"">凝练元神，使法力助长</FONT></P>",pic_skill_ts_03,,,,,MaxMPR+0.12,AddEff 1020,,,,
5415,回气诀,344,14,1,5,,,增加法力恢复速度8/3秒,"<P><FONT color=""#88aadd"">作用目标：自己</FONT></P><P><FONT color=""#88aadd"">浩瀚如域，回气生精，缓缓回复法力</FONT></P>",pic_skill_ts_04,,,,,,AddEff 1006,,,,
5416,回气诀,344,14,2,5,,,增加法力恢复速度12/3秒,"<P><FONT color=""#88aadd"">作用目标：自己</FONT></P><P><FONT color=""#88aadd"">浩瀚如域，回气生精，缓缓回复法力</FONT></P>",pic_skill_ts_04,,,,,,AddEff 1007,,,,
5417,回气诀,344,14,3,5,,,增加法力恢复速度16/3秒,"<P><FONT color=""#88aadd"">作用目标：自己</FONT></P><P><FONT color=""#88aadd"">浩瀚如域，回气生精，缓缓回复法力</FONT></P>",pic_skill_ts_04,,,,,,AddEff 1008,,,,
5418,回气诀,344,14,4,5,,,增加法力恢复速度20/3秒,"<P><FONT color=""#88aadd"">作用目标：自己</FONT></P><P><FONT color=""#88aadd"">浩瀚如域，回气生精，缓缓回复法力</FONT></P>",pic_skill_ts_04,,,,,,AddEff 1009,,,,
5419,回气诀,344,14,5,5,,,增加法力恢复速度24/3秒,"<P><FONT color=""#88aadd"">作用目标：自己</FONT></P><P><FONT color=""#88aadd"">浩瀚如域，回气生精，缓缓回复法力</FONT></P>",pic_skill_ts_04,,,,,,AddEff 1010,,,,
5420,铁壁,345,14,1,5,,,增加物理防御5%,"<P><FONT color=""#88aadd"">作用目标：自己</FONT></P><P><FONT color=""#88aadd"">千锤百炼使身体坚硬如铁</FONT></P>",pic_skill_ts_11,,,,,PhyArR+0.05,AddEff 1021,,,,
5421,铁壁,345,14,2,5,,,增加物理防御7%,"<P><FONT color=""#88aadd"">作用目标：自己</FONT></P><P><FONT color=""#88aadd"">千锤百炼使身体坚硬如铁</FONT></P>",pic_skill_ts_11,,,,,PhyArR+0.07,AddEff 1022,,,,
5422,铁壁,345,14,3,5,,,增加物理防御9%,"<P><FONT color=""#88aadd"">作用目标：自己</FONT></P><P><FONT color=""#88aadd"">千锤百炼使身体坚硬如铁</FONT></P>",pic_skill_ts_11,,,,,PhyArR+0.09,AddEff 1023,,,,
5423,铁壁,345,14,4,5,,,增加物理防御12%,"<P><FONT color=""#88aadd"">作用目标：自己</FONT></P><P><FONT color=""#88aadd"">千锤百炼使身体坚硬如铁</FONT></P>",pic_skill_ts_11,,,,,PhyArR+0.12,AddEff 1024,,,,
5424,铁壁,345,14,5,5,,,增加物理防御15%,"<P><FONT color=""#88aadd"">作用目标：自己</FONT></P><P><FONT color=""#88aadd"">千锤百炼使身体坚硬如铁</FONT></P>",pic_skill_ts_11,,,,,PhyArR+0.15,AddEff 1025,,,,
5425,魂体替身,346,14,1,5,,,增加暴击抵抗率3%,"<P><FONT color=""#88aadd"">作用目标：自己</FONT></P><P><FONT color=""#88aadd"">以身外化身承担致命伤害减少自身损害</FONT></P>",pic_skill_ts_06,,,,,Resilience+3,AddEff 1026,,,,
5426,魂体替身,346,14,2,5,,,增加暴击抵抗率5%,"<P><FONT color=""#88aadd"">作用目标：自己</FONT></P><P><FONT color=""#88aadd"">以身外化身承担致命伤害减少自身损害</FONT></P>",pic_skill_ts_06,,,,,Resilience+5,AddEff 1027,,,,
5427,魂体替身,346,14,3,5,,,增加暴击抵抗率7%,"<P><FONT color=""#88aadd"">作用目标：自己</FONT></P><P><FONT color=""#88aadd"">以身外化身承担致命伤害减少自身损害</FONT></P>",pic_skill_ts_06,,,,,Resilience+7,AddEff 1028,,,,
5428,魂体替身,346,14,4,5,,,增加暴击抵抗率9%,"<P><FONT color=""#88aadd"">作用目标：自己</FONT></P><P><FONT color=""#88aadd"">以身外化身承担致命伤害减少自身损害</FONT></P>",pic_skill_ts_06,,,,,Resilience+9,AddEff 1029,,,,
5429,魂体替身,346,14,5,5,,,增加暴击抵抗率12%,"<P><FONT color=""#88aadd"">作用目标：自己</FONT></P><P><FONT color=""#88aadd"">以身外化身承担致命伤害减少自身损害</FONT></P>",pic_skill_ts_06,,,,,Resilience+12,AddEff 1030,,,,
5430,强攻,347,14,1,5,,,增加物理伤害3%,"<P><FONT color=""#88aadd"">作用目标：自己</FONT></P><P><FONT color=""#88aadd"">以气御行强行突破对方防御，增强招式威力</FONT></P>",pic_skill_ts_12,,,,,DamageMaxR+0.03;DamageMinR+0.03,AddEff 1031,,,,
5431,强攻,347,14,2,5,,,增加物理伤害5%,"<P><FONT color=""#88aadd"">作用目标：自己</FONT></P><P><FONT color=""#88aadd"">以气御行强行突破对方防御，增强招式威力</FONT></P>",pic_skill_ts_12,,,,,DamageMaxR+0.05;DamageMinR+0.05,AddEff 1032,,,,
5432,强攻,347,14,3,5,,,增加物理伤害7%,"<P><FONT color=""#88aadd"">作用目标：自己</FONT></P><P><FONT color=""#88aadd"">以气御行强行突破对方防御，增强招式威力</FONT></P>",pic_skill_ts_12,,,,,DamageMaxR+0.07;DamageMinR+0.07,AddEff 1033,,,,
5433,强攻,347,14,4,5,,,增加物理伤害9%,"<P><FONT color=""#88aadd"">作用目标：自己</FONT></P><P><FONT color=""#88aadd"">以气御行强行突破对方防御，增强招式威力</FONT></P>",pic_skill_ts_12,,,,,DamageMaxR+0.09;DamageMinR+0.09,AddEff 1034,,,,
5434,强攻,347,14,5,5,,,增加物理伤害12%,"<P><FONT color=""#88aadd"">作用目标：自己</FONT></P><P><FONT color=""#88aadd"">以气御行强行突破对方防御，增强招式威力</FONT></P>",pic_skill_ts_12,,,,,DamageMaxR+0.12;DamageMinR+0.12,AddEff 1035,,,,
5435,会心一击,348,14,1,5,,,增加会心一击率3%,"<P><FONT color=""#88aadd"">作用目标：自己</FONT></P><P><FONT color=""#88aadd"">倾注全部心力攻敌弱点，使自己的攻击对敌造成致命性伤害</FONT></P>",pic_skill_ts_18,,,,,CriticalR+0.03,AddEff 1036,,,,
5436,会心一击,348,14,2,5,,,增加会心一击率5%,"<P><FONT color=""#88aadd"">作用目标：自己</FONT></P><P><FONT color=""#88aadd"">倾注全部心力攻敌弱点，使自己的攻击对敌造成致命性伤害</FONT></P>",pic_skill_ts_18,,,,,CriticalR+0.05,AddEff 1037,,,,
5437,会心一击,348,14,3,5,,,增加会心一击率7%,"<P><FONT color=""#88aadd"">作用目标：自己</FONT></P><P><FONT color=""#88aadd"">倾注全部心力攻敌弱点，使自己的攻击对敌造成致命性伤害</FONT></P>",pic_skill_ts_18,,,,,CriticalR+0.07,AddEff 1038,,,,
5438,会心一击,348,14,4,5,,,增加会心一击率10%,"<P><FONT color=""#88aadd"">作用目标：自己</FONT></P><P><FONT color=""#88aadd"">倾注全部心力攻敌弱点，使自己的攻击对敌造成致命性伤害</FONT></P>",pic_skill_ts_18,,,,,CriticalR+0.10,AddEff 1039,,,,
5439,会心一击,348,14,5,5,,,增加会心一击率12%,"<P><FONT color=""#88aadd"">作用目标：自己</FONT></P><P><FONT color=""#88aadd"">倾注全部心力攻敌弱点，使自己的攻击对敌造成致命性伤害</FONT></P>",pic_skill_ts_18,,,,,CriticalR+0.12,AddEff 1040,,,,
5440,三元杀,349,14,1,5,,,增加元素攻击3%,"<P><FONT color=""#88aadd"">作用目标：自己</FONT></P><P><FONT color=""#88aadd"">将三元灵气融入攻击之中，发动诡异的攻击</FONT></P>",pic_skill_ts_13,,,,,WaterDmR+0.03;FireDmR+0.03;PoisonDmR+0.03,AddEff 1041,,,,
5441,三元杀,349,14,2,5,,,增加元素攻击5%,"<P><FONT color=""#88aadd"">作用目标：自己</FONT></P><P><FONT color=""#88aadd"">将三元灵气融入攻击之中，发动诡异的攻击</FONT></P>",pic_skill_ts_13,,,,,WaterDmR+0.05;FireDmR+0.05;PoisonDmR+0.05,AddEff 1042,,,,
5442,三元杀,349,14,3,5,,,增加元素攻击7%,"<P><FONT color=""#88aadd"">作用目标：自己</FONT></P><P><FONT color=""#88aadd"">将三元灵气融入攻击之中，发动诡异的攻击</FONT></P>",pic_skill_ts_13,,,,,WaterDmR+0.07;FireDmR+0.07;PoisonDmR+0.07,AddEff 1043,,,,
5443,三元杀,349,14,4,5,,,增加元素攻击9%,"<P><FONT color=""#88aadd"">作用目标：自己</FONT></P><P><FONT color=""#88aadd"">将三元灵气融入攻击之中，发动诡异的攻击</FONT></P>",pic_skill_ts_13,,,,,WaterDmR+0.09;FireDmR+0.09;PoisonDmR+0.09,AddEff 1044,,,,
5444,三元杀,349,14,5,5,,,增加元素攻击12%,"<P><FONT color=""#88aadd"">作用目标：自己</FONT></P><P><FONT color=""#88aadd"">将三元灵气融入攻击之中，发动诡异的攻击</FONT></P>",pic_skill_ts_13,,,,,WaterDmR+0.12;FireDmR+0.12;PoisonDmR+0.12,AddEff 1045,,,,
5445,心剑梵天,350,14,1,5,,,增加技能暴击率2%,"<P><FONT color=""#88aadd"">作用目标：自己</FONT></P><P><FONT color=""#88aadd"">手中无剑，心中有剑，剑出天地崩</FONT></P>",pic_skill_ts_20,,,,,SkillCriRate+2,AddEff 1046,,,,
5446,心剑梵天,350,14,2,5,,,增加技能暴击率3%,"<P><FONT color=""#88aadd"">作用目标：自己</FONT></P><P><FONT color=""#88aadd"">手中无剑，心中有剑，剑出天地崩</FONT></P>",pic_skill_ts_20,,,,,SkillCriRate+3,AddEff 1047,,,,
5447,心剑梵天,350,14,3,5,,,增加技能暴击率5%,"<P><FONT color=""#88aadd"">作用目标：自己</FONT></P><P><FONT color=""#88aadd"">手中无剑，心中有剑，剑出天地崩</FONT></P>",pic_skill_ts_20,,,,,SkillCriRate+5,AddEff 1048,,,,
5448,心剑梵天,350,14,4,5,,,增加技能暴击率7%,"<P><FONT color=""#88aadd"">作用目标：自己</FONT></P><P><FONT color=""#88aadd"">手中无剑，心中有剑，剑出天地崩</FONT></P>",pic_skill_ts_20,,,,,SkillCriRate+7,AddEff 1049,,,,
5449,心剑梵天,350,14,5,5,,,增加技能暴击率10%,"<P><FONT color=""#88aadd"">作用目标：自己</FONT></P><P><FONT color=""#88aadd"">手中无剑，心中有剑，剑出天地崩</FONT></P>",pic_skill_ts_20,,,,,SkillCriRate+10,AddEff 1050,,,,
5450,三元御,351,14,1,5,,,增加元素防御5%,"<P><FONT color=""#88aadd"">作用目标：自己</FONT></P><P><FONT color=""#88aadd"">通晓三元之法门，以彼之道还施彼身，抵御三元攻击</FONT></P>",pic_skill_ts_14,,,,,WaterArR+0.03;FireArR+0.03;PoisonArR+0.03,AddEff 1051,,,,
5451,三元御,351,14,2,5,,,增加元素防御7%,"<P><FONT color=""#88aadd"">作用目标：自己</FONT></P><P><FONT color=""#88aadd"">通晓三元之法门，以彼之道还施彼身，抵御三元攻击</FONT></P>",pic_skill_ts_14,,,,,WaterArR+0.07;FireArR+0.07;PoisonArR+0.07,AddEff 1052,,,,
5452,三元御,351,14,3,5,,,增加元素防御9%,"<P><FONT color=""#88aadd"">作用目标：自己</FONT></P><P><FONT color=""#88aadd"">通晓三元之法门，以彼之道还施彼身，抵御三元攻击</FONT></P>",pic_skill_ts_14,,,,,WaterArR+0.09;FireArR+0.09;PoisonArR+0.09,AddEff 1053,,,,
5453,三元御,351,14,4,5,,,增加元素防御12%,"<P><FONT color=""#88aadd"">作用目标：自己</FONT></P><P><FONT color=""#88aadd"">通晓三元之法门，以彼之道还施彼身，抵御三元攻击</FONT></P>",pic_skill_ts_14,,,,,WaterArR+0.12;FireArR+0.12;PoisonArR+0.12,AddEff 1054,,,,
5454,三元御,351,14,5,5,,,增加元素防御15%,"<P><FONT color=""#88aadd"">作用目标：自己</FONT></P><P><FONT color=""#88aadd"">通晓三元之法门，以彼之道还施彼身，抵御三元攻击</FONT></P>",pic_skill_ts_14,,,,,WaterArR+0.15;FireArR+0.15;PoisonArR+0.15,AddEff 1055,,,,
5455,心魔壁障,352,14,1,5,,,增加异常状态抵抗率5%,"<P><FONT color=""#88aadd"">作用目标：自己</FONT></P><P><FONT color=""#88aadd"">吸纳天地间浩然正气形成坚固壁障抵挡心魔侵扰</FONT></P>",pic_skill_ts_05,,,,,StateResist+5,AddEff 1056,,,,
5456,心魔壁障,352,14,2,5,,,增加异常状态抵抗率7%,"<P><FONT color=""#88aadd"">作用目标：自己</FONT></P><P><FONT color=""#88aadd"">吸纳天地间浩然正气形成坚固壁障抵挡心魔侵扰</FONT></P>",pic_skill_ts_05,,,,,StateResist+7,AddEff 1057,,,,
5457,心魔壁障,352,14,3,5,,,增加异常状态抵抗率9%,"<P><FONT color=""#88aadd"">作用目标：自己</FONT></P><P><FONT color=""#88aadd"">吸纳天地间浩然正气形成坚固壁障抵挡心魔侵扰</FONT></P>",pic_skill_ts_05,,,,,StateResist+9,AddEff 1058,,,,
5458,心魔壁障,352,14,4,5,,,增加异常状态抵抗率12%,"<P><FONT color=""#88aadd"">作用目标：自己</FONT></P><P><FONT color=""#88aadd"">吸纳天地间浩然正气形成坚固壁障抵挡心魔侵扰</FONT></P>",pic_skill_ts_05,,,,,StateResist+12,AddEff 1059,,,,
5459,心魔壁障,352,14,5,5,,,增加异常状态抵抗率15%,"<P><FONT color=""#88aadd"">作用目标：自己</FONT></P><P><FONT color=""#88aadd"">吸纳天地间浩然正气形成坚固壁障抵挡心魔侵扰</FONT></P>",pic_skill_ts_05,,,,,StateResist+15,AddEff 1060,,,,
5460,劈星斩月,353,14,1,5,,,增加攻击速度3%,"<P><FONT color=""#88aadd"">作用目标：自己</FONT></P><P><FONT color=""#88aadd"">借助诸天星斗之力提升自己的身法</FONT></P>",pic_skill_ts_07,,,,,SpeedAttackR+0.03,AddEff 1061,,,,
5461,劈星斩月,353,14,2,5,,,增加攻击速度5%,"<P><FONT color=""#88aadd"">作用目标：自己</FONT></P><P><FONT color=""#88aadd"">借助诸天星斗之力提升自己的身法</FONT></P>",pic_skill_ts_07,,,,,SpeedAttackR+0.05,AddEff 1062,,,,
5462,劈星斩月,353,14,3,5,,,增加攻击速度7%,"<P><FONT color=""#88aadd"">作用目标：自己</FONT></P><P><FONT color=""#88aadd"">借助诸天星斗之力提升自己的身法</FONT></P>",pic_skill_ts_07,,,,,SpeedAttackR+0.07,AddEff 1063,,,,
5463,劈星斩月,353,14,4,5,,,增加攻击速度9%,"<P><FONT color=""#88aadd"">作用目标：自己</FONT></P><P><FONT color=""#88aadd"">借助诸天星斗之力提升自己的身法</FONT></P>",pic_skill_ts_07,,,,,SpeedAttackR+0.09,AddEff 1064,,,,
5464,劈星斩月,353,14,5,5,,,增加攻击速度12%,"<P><FONT color=""#88aadd"">作用目标：自己</FONT></P><P><FONT color=""#88aadd"">借助诸天星斗之力提升自己的身法</FONT></P>",pic_skill_ts_07,,,,,SpeedAttackR+0.12,AddEff 1065,,,,
5465,仙风云体,354,14,1,5,,,增加移动速度2%,"<P><FONT color=""#88aadd"">作用目标：自己</FONT></P><P><FONT color=""#88aadd"">犹如仙风绕体轻灵异常，行走如飞</FONT></P>",pic_skill_ts_08,,,,,SpeedMoveR+0.02,AddEff 1066,,,,
5466,仙风云体,354,14,2,5,,,增加移动速度3%,"<P><FONT color=""#88aadd"">作用目标：自己</FONT></P><P><FONT color=""#88aadd"">犹如仙风绕体轻灵异常，行走如飞</FONT></P>",pic_skill_ts_08,,,,,SpeedMoveR+0.03,AddEff 1067,,,,
5467,仙风云体,354,14,3,5,,,增加移动速度5%,"<P><FONT color=""#88aadd"">作用目标：自己</FONT></P><P><FONT color=""#88aadd"">犹如仙风绕体轻灵异常，行走如飞</FONT></P>",pic_skill_ts_08,,,,,SpeedMoveR+0.05,AddEff 1068,,,,
5468,仙风云体,354,14,4,5,,,增加移动速度7%,"<P><FONT color=""#88aadd"">作用目标：自己</FONT></P><P><FONT color=""#88aadd"">犹如仙风绕体轻灵异常，行走如飞</FONT></P>",pic_skill_ts_08,,,,,SpeedMoveR+0.07,AddEff 1069,,,,
5469,仙风云体,354,14,5,5,,,增加移动速度10%,"<P><FONT color=""#88aadd"">作用目标：自己</FONT></P><P><FONT color=""#88aadd"">犹如仙风绕体轻灵异常，行走如飞</FONT></P>",pic_skill_ts_08,,,,,SpeedMoveR+0.1,AddEff 1070,,,,
5470,不灭神体,355,14,1,5,,,大幅度增加生命最大值10%,"<P><FONT color=""#88aadd"">作用目标：自己</FONT></P><P><FONT color=""#88aadd"">上古修神法门，神体炼成，不死不灭</FONT></P>",pic_skill_ts_15,,,,,MaxHPR+0.10,AddEff 1071,,,,
5471,不灭神体,355,14,2,5,,,大幅度增加生命最大值15%,"<P><FONT color=""#88aadd"">作用目标：自己</FONT></P><P><FONT color=""#88aadd"">上古修神法门，神体炼成，不死不灭</FONT></P>",pic_skill_ts_15,,,,,MaxHPR+0.15,AddEff 1072,,,,
5472,不灭神体,355,14,3,5,,,大幅度增加生命最大值20%,"<P><FONT color=""#88aadd"">作用目标：自己</FONT></P><P><FONT color=""#88aadd"">上古修神法门，神体炼成，不死不灭</FONT></P>",pic_skill_ts_15,,,,,MaxHPR+0.20,AddEff 1073,,,,
5473,不灭神体,355,14,4,5,,,大幅度增加生命最大值25%,"<P><FONT color=""#88aadd"">作用目标：自己</FONT></P><P><FONT color=""#88aadd"">上古修神法门，神体炼成，不死不灭</FONT></P>",pic_skill_ts_15,,,,,MaxHPR+0.25,AddEff 1074,,,,
5474,不灭神体,355,14,5,5,,,大幅度增加生命最大值30%,"<P><FONT color=""#88aadd"">作用目标：自己</FONT></P><P><FONT color=""#88aadd"">上古修神法门，神体炼成，不死不灭</FONT></P>",pic_skill_ts_15,,,,,MaxHPR+0.30,AddEff 1075,,,,
5475,紫蕴神灵,356,14,1,5,,,大幅度增加法力最大值10%,"<P><FONT color=""#88aadd"">作用目标：自己</FONT></P><P><FONT color=""#88aadd"">紫气东来蕴于自身，一气化万象，神灵自然成</FONT></P>",pic_skill_ts_16,,,,,MaxMPR+0.10,AddEff 1076,,,,
5476,紫蕴神灵,356,14,2,5,,,大幅度增加法力最大值15%,"<P><FONT color=""#88aadd"">作用目标：自己</FONT></P><P><FONT color=""#88aadd"">紫气东来蕴于自身，一气化万象，神灵自然成</FONT></P>",pic_skill_ts_16,,,,,MaxMPR+0.15,AddEff 1077,,,,
5477,紫蕴神灵,356,14,3,5,,,大幅度增加法力最大值20%,"<P><FONT color=""#88aadd"">作用目标：自己</FONT></P><P><FONT color=""#88aadd"">紫气东来蕴于自身，一气化万象，神灵自然成</FONT></P>",pic_skill_ts_16,,,,,MaxMPR+0.20,AddEff 1078,,,,
5478,紫蕴神灵,356,14,4,5,,,大幅度增加法力最大值25%,"<P><FONT color=""#88aadd"">作用目标：自己</FONT></P><P><FONT color=""#88aadd"">紫气东来蕴于自身，一气化万象，神灵自然成</FONT></P>",pic_skill_ts_16,,,,,MaxMPR+0.25,AddEff 1079,,,,
5479,紫蕴神灵,356,14,5,5,,,大幅度增加法力最大值30%,"<P><FONT color=""#88aadd"">作用目标：自己</FONT></P><P><FONT color=""#88aadd"">紫气东来蕴于自身，一气化万象，神灵自然成</FONT></P>",pic_skill_ts_16,,,,,MaxMPR+0.30,AddEff 1080,,,,
5480,玄武降世,357,14,1,5,,,大幅度增加物理防御10%,"<P><FONT color=""#88aadd"">作用目标：自己</FONT></P><P><FONT color=""#88aadd"">借用四方神兽玄武之魂附于己身，使防御坚不可摧</FONT></P>",pic_skill_ts_17,,,,,PhyArR+0.10,AddEff 1081,,,,
5481,玄武降世,357,14,2,5,,,大幅度增加物理防御15%,"<P><FONT color=""#88aadd"">作用目标：自己</FONT></P><P><FONT color=""#88aadd"">借用四方神兽玄武之魂附于己身，使防御坚不可摧</FONT></P>",pic_skill_ts_17,,,,,PhyArR+0.15,AddEff 1082,,,,
5482,玄武降世,357,14,3,5,,,大幅度增加物理防御20%,"<P><FONT color=""#88aadd"">作用目标：自己</FONT></P><P><FONT color=""#88aadd"">借用四方神兽玄武之魂附于己身，使防御坚不可摧</FONT></P>",pic_skill_ts_17,,,,,PhyArR+0.20,AddEff 1083,,,,
5483,玄武降世,357,14,4,5,,,大幅度增加物理防御25%,"<P><FONT color=""#88aadd"">作用目标：自己</FONT></P><P><FONT color=""#88aadd"">借用四方神兽玄武之魂附于己身，使防御坚不可摧</FONT></P>",pic_skill_ts_17,,,,,PhyArR+0.25,AddEff 1084,,,,
5484,玄武降世,357,14,5,5,,,大幅度增加物理防御30%,"<P><FONT color=""#88aadd"">作用目标：自己</FONT></P><P><FONT color=""#88aadd"">借用四方神兽玄武之魂附于己身，使防御坚不可摧</FONT></P>",pic_skill_ts_17,,,,,PhyArR+0.30,AddEff 1085,,,,
5485,元极摩诃,358,14,1,5,,,大幅度增加物理攻击10%,"<P><FONT color=""#88aadd"">作用目标：自己</FONT></P><P><FONT color=""#88aadd"">混沌开天之时最纯最强的摩诃之力，无坚不摧</FONT></P>",pic_skill_ts_19,,,,,DamageMaxR+0.10;DamageMinR+0.10,AddEff 1086,,,,
5486,元极摩诃,358,14,2,5,,,大幅度增加物理攻击12%,"<P><FONT color=""#88aadd"">作用目标：自己</FONT></P><P><FONT color=""#88aadd"">混沌开天之时最纯最强的摩诃之力，无坚不摧</FONT></P>",pic_skill_ts_19,,,,,DamageMaxR+0.12;DamageMinR+0.12,AddEff 1087,,,,
5487,元极摩诃,358,14,3,5,,,大幅度增加物理攻击15%,"<P><FONT color=""#88aadd"">作用目标：自己</FONT></P><P><FONT color=""#88aadd"">混沌开天之时最纯最强的摩诃之力，无坚不摧</FONT></P>",pic_skill_ts_19,,,,,DamageMaxR+0.15;DamageMinR+0.15,AddEff 1088,,,,
5488,元极摩诃,358,14,4,5,,,大幅度增加物理攻击17%,"<P><FONT color=""#88aadd"">作用目标：自己</FONT></P><P><FONT color=""#88aadd"">混沌开天之时最纯最强的摩诃之力，无坚不摧</FONT></P>",pic_skill_ts_19,,,,,DamageMaxR+0.17;DamageMinR+0.17,AddEff 1089,,,,
5489,元极摩诃,358,14,5,5,,,大幅度增加物理攻击20%,"<P><FONT color=""#88aadd"">作用目标：自己</FONT></P><P><FONT color=""#88aadd"">混沌开天之时最纯最强的摩诃之力，无坚不摧</FONT></P>",pic_skill_ts_19,,,,,DamageMaxR+0.20;DamageMinR+0.20,AddEff 1090,,,,
5490,天元绝杀,359,14,1,5,,,大幅度增加元素攻击10%,"<P><FONT color=""#88aadd"">作用目标：自己</FONT></P><P><FONT color=""#88aadd"">将三元灵气凝练升华为天元之力，使攻击更加凌厉</FONT></P>",pic_skill_ts_21,,,,,WaterDmR+0.10;FireDmR+0.10;PoisonDmR+0.10,AddEff 1091,,,,
5491,天元绝杀,359,14,2,5,,,大幅度增加元素攻击12%,"<P><FONT color=""#88aadd"">作用目标：自己</FONT></P><P><FONT color=""#88aadd"">将三元灵气凝练升华为天元之力，使攻击更加凌厉</FONT></P>",pic_skill_ts_21,,,,,WaterDmR+0.12;FireDmR+0.12;PoisonDmR+0.12,AddEff 1092,,,,
5492,天元绝杀,359,14,3,5,,,大幅度增加元素攻击15%,"<P><FONT color=""#88aadd"">作用目标：自己</FONT></P><P><FONT color=""#88aadd"">将三元灵气凝练升华为天元之力，使攻击更加凌厉</FONT></P>",pic_skill_ts_21,,,,,WaterDmR+0.15;FireDmR+0.15;PoisonDmR+0.15,AddEff 1093,,,,
5493,天元绝杀,359,14,4,5,,,大幅度增加元素攻击17%,"<P><FONT color=""#88aadd"">作用目标：自己</FONT></P><P><FONT color=""#88aadd"">将三元灵气凝练升华为天元之力，使攻击更加凌厉</FONT></P>",pic_skill_ts_21,,,,,WaterDmR+0.17;FireDmR+0.17;PoisonDmR+0.17,AddEff 1094,,,,
5494,天元绝杀,359,14,5,5,,,大幅度增加元素攻击20%,"<P><FONT color=""#88aadd"">作用目标：自己</FONT></P><P><FONT color=""#88aadd"">将三元灵气凝练升华为天元之力，使攻击更加凌厉</FONT></P>",pic_skill_ts_21,,,,,WaterDmR+0.20;FireDmR+0.20;PoisonDmR+0.20,AddEff 1095,,,,
5495,天元规避,360,14,1,5,,,大幅度增加元素防御10%,"<P><FONT color=""#88aadd"">作用目标：自己</FONT></P><P><FONT color=""#88aadd"">将三元灵气凝练升华为天元之力，使防御更加稳固</FONT></P>",pic_skill_ts_22,,,,,WaterArR+0.10;FireArR+0.10;PoisonArR+0.10,AddEff 1096,,,,
5496,天元规避,360,14,2,5,,,大幅度增加元素防御15%,"<P><FONT color=""#88aadd"">作用目标：自己</FONT></P><P><FONT color=""#88aadd"">将三元灵气凝练升华为天元之力，使防御更加稳固</FONT></P>",pic_skill_ts_22,,,,,WaterArR+0.15;FireArR+0.15;PoisonArR+0.15,AddEff 1097,,,,
5497,天元规避,360,14,3,5,,,大幅度增加元素防御20%,"<P><FONT color=""#88aadd"">作用目标：自己</FONT></P><P><FONT color=""#88aadd"">将三元灵气凝练升华为天元之力，使防御更加稳固</FONT></P>",pic_skill_ts_22,,,,,WaterArR+0.20;FireArR+0.20;PoisonArR+0.20,AddEff 1098,,,,
5498,天元规避,360,14,4,5,,,大幅度增加元素防御25%,"<P><FONT color=""#88aadd"">作用目标：自己</FONT></P><P><FONT color=""#88aadd"">将三元灵气凝练升华为天元之力，使防御更加稳固</FONT></P>",pic_skill_ts_22,,,,,WaterArR+0.25;FireArR+0.25;PoisonArR+0.25,AddEff 1099,,,,
5499,天元规避,360,14,5,5,,,大幅度增加元素防御30%,"<P><FONT color=""#88aadd"">作用目标：自己</FONT></P><P><FONT color=""#88aadd"">将三元灵气凝练升华为天元之力，使防御更加稳固</FONT></P>",pic_skill_ts_22,,,,,WaterArR+0.30;FireArR+0.30;PoisonArR+0.30,AddEff 1100,,,,
5500,神影凌风,361,14,1,5,,,大幅度增加攻击速度5%，命中率5%，闪避率5%,"<P><FONT color=""#88aadd"">作用目标：自己</FONT></P><P><FONT color=""#88aadd"">将身法提升到极致，所向披靡</FONT></P>",pic_skill_ts_23,,,,,SpeedAttackR+0.05;AttackRateR+0.05;DodgeR+0.05,AddEff 1101,,,,
5501,神影凌风,361,14,2,5,,,大幅度增加攻击速度8%，命中率10%，闪避率10%,"<P><FONT color=""#88aadd"">作用目标：自己</FONT></P><P><FONT color=""#88aadd"">将身法提升到极致，所向披靡</FONT></P>",pic_skill_ts_23,,,,,SpeedAttackR+0.08;AttackRateR+0.10;DodgeR+0.10,AddEff 1102,,,,
5502,神影凌风,361,14,3,5,,,大幅度增加攻击速度12%，命中率15%，闪避率15%,"<P><FONT color=""#88aadd"">作用目标：自己</FONT></P><P><FONT color=""#88aadd"">将身法提升到极致，所向披靡</FONT></P>",pic_skill_ts_23,,,,,SpeedAttackR+0.12;AttackRateR+0.15;DodgeR+0.15,AddEff 1103,,,,
5503,神影凌风,361,14,4,5,,,大幅度增加攻击速度16%，命中率20%，闪避率20%,"<P><FONT color=""#88aadd"">作用目标：自己</FONT></P><P><FONT color=""#88aadd"">将身法提升到极致，所向披靡</FONT></P>",pic_skill_ts_23,,,,,SpeedAttackR+0.16;AttackRateR+0.20;DodgeR+0.20,AddEff 1104,,,,
5504,神影凌风,361,14,5,5,,,大幅度增加攻击速度20%，命中率25%，闪避率25%,"<P><FONT color=""#88aadd"">作用目标：自己</FONT></P><P><FONT color=""#88aadd"">将身法提升到极致，所向披靡</FONT></P>",pic_skill_ts_23,,,,,SpeedAttackR+0.20;AttackRateR+0.25;DodgeR+0.25,AddEff 1105,,,,
1005,生命恢复,500,,1,1,Level>=1000,,,,pic_skill_ts_02,,,,,,AddEff 405,,,,
1006,法力恢复,501,,1,1,Level>=1000,,,,pic_skill_ts_04,,,,,,AddEff 407,,,,
1007,生命恢复,502,,1,1,Level>=1000,,,,pic_skill_ts_02,,,,,,AddEff 409,,,,
1008,法力恢复,503,,1,1,Level>=1000,,,,pic_skill_ts_04,,,,,,AddEff 411,,,,
1009,生命恢复,504,,1,1,Level>=1000,,,,pic_skill_ts_02,,,,,,AddEff 413,,,,
1010,法力恢复,505,,1,1,Level>=1000,,,,pic_skill_ts_04,,,,,,AddEff 415,,,,
1011,生命恢复,506,,1,1,Level>=1000,,,,pic_skill_ts_02,,,,,,AddEff 417,,,,
1012,法力恢复,507,,1,1,Level>=1000,,,,pic_skill_ts_04,,,,,,AddEff 419,,,,
1013,生命恢复,508,,1,1,Level>=1000,,,,pic_skill_ts_02,,,,,,AddEff 421,,,,
1014,法力恢复,509,,1,1,Level>=1000,,,,pic_skill_ts_04,,,,,,AddEff 423,,,,
1015,生命恢复,510,,1,1,Level>=1000,,,,pic_skill_ts_02,,,,,,AddEff 425,,,,
1016,法力恢复,511,,1,1,Level>=1000,,,,pic_skill_ts_04,,,,,,AddEff 427,,,,
1017,生命恢复,512,,1,1,Level>=1000,,,,pic_skill_ts_02,,,,,,AddEff 429,,,,
1018,法力恢复,513,,1,1,Level>=1000,,,,pic_skill_ts_04,,,,,,AddEff 431,,,,
1019,生命恢复,514,,1,1,Level>=1000,,,,pic_skill_ts_02,,,,,,AddEff 433,,,,
1020,法力恢复,515,,1,1,Level>=1000,,,,pic_skill_ts_04,,,,,,AddEff 435,,,,
1101,食物店,601,,1,1,Level>=1000,,,,pic_skill_ts_04,,,,,,AddEff 801,,,,
1201,冰之守护(九尾妖狐),701,,1,1,Level>=1000,,,,pic_skill_ts_04,,,,,,AddEff 701,,,,
6400,灵兽御天印,1101,17,1,10,,,物理防御+5%,"<P><FONT color=""#88aadd"">作用目标：自己的宠物</FONT></P>",pic_skill_ty_01,,,,,,AddEff 2000,,,,
6401,灵兽御天印,1101,17,2,10,,,物理防御+10%,"<P><FONT color=""#88aadd"">作用目标：自己的宠物</FONT></P>",pic_skill_ty_01,,,,,,AddEff 2001,,,,
6402,灵兽御天印,1101,17,3,10,,,物理防御+15%,"<P><FONT color=""#88aadd"">作用目标：自己的宠物</FONT></P>",pic_skill_ty_01,,,,,,AddEff 2002,,,,
6403,灵兽御天印,1101,17,4,10,,,物理防御+20%,"<P><FONT color=""#88aadd"">作用目标：自己的宠物</FONT></P>",pic_skill_ty_01,,,,,,AddEff 2003,,,,
6404,灵兽御天印,1101,17,5,10,,,物理防御+25%,"<P><FONT color=""#88aadd"">作用目标：自己的宠物</FONT></P>",pic_skill_ty_01,,,,,,AddEff 2004,,,,
6405,灵兽御天印,1101,17,6,10,,,物理防御+30%,"<P><FONT color=""#88aadd"">作用目标：自己的宠物</FONT></P>",pic_skill_ty_01,,,,,,AddEff 2005,,,,
6406,灵兽御天印,1101,17,7,10,,,物理防御+35%,"<P><FONT color=""#88aadd"">作用目标：自己的宠物</FONT></P>",pic_skill_ty_01,,,,,,AddEff 2006,,,,
6407,灵兽御天印,1101,17,8,10,,,物理防御+40%,"<P><FONT color=""#88aadd"">作用目标：自己的宠物</FONT></P>",pic_skill_ty_01,,,,,,AddEff 2007,,,,
6408,灵兽御天印,1101,17,9,10,,,物理防御+45%,"<P><FONT color=""#88aadd"">作用目标：自己的宠物</FONT></P>",pic_skill_ty_01,,,,,,AddEff 2008,,,,
6409,灵兽御天印,1101,17,10,10,,,物理防御+50%,"<P><FONT color=""#88aadd"">作用目标：自己的宠物</FONT></P>",pic_skill_ty_01,,,,,,AddEff 2009,,,,
6410,灵兽破军印,1102,17,1,10,,,物理攻击+2%,"<P><FONT color=""#88aadd"">作用目标：自己的宠物</FONT></P>",pic_skill_ty_02,,,,,,AddEff 2010,,,,
6411,灵兽破军印,1102,17,2,10,,,物理攻击+4%,"<P><FONT color=""#88aadd"">作用目标：自己的宠物</FONT></P>",pic_skill_ty_02,,,,,,AddEff 2011,,,,
6412,灵兽破军印,1102,17,3,10,,,物理攻击+6%,"<P><FONT color=""#88aadd"">作用目标：自己的宠物</FONT></P>",pic_skill_ty_02,,,,,,AddEff 2012,,,,
6413,灵兽破军印,1102,17,4,10,,,物理攻击+8%,"<P><FONT color=""#88aadd"">作用目标：自己的宠物</FONT></P>",pic_skill_ty_02,,,,,,AddEff 2013,,,,
6414,灵兽破军印,1102,17,5,10,,,物理攻击+10%,"<P><FONT color=""#88aadd"">作用目标：自己的宠物</FONT></P>",pic_skill_ty_02,,,,,,AddEff 2014,,,,
6415,灵兽破军印,1102,17,6,10,,,物理攻击+12%,"<P><FONT color=""#88aadd"">作用目标：自己的宠物</FONT></P>",pic_skill_ty_02,,,,,,AddEff 2015,,,,
6416,灵兽破军印,1102,17,7,10,,,物理攻击+14%,"<P><FONT color=""#88aadd"">作用目标：自己的宠物</FONT></P>",pic_skill_ty_02,,,,,,AddEff 2016,,,,
6417,灵兽破军印,1102,17,8,10,,,物理攻击+16%,"<P><FONT color=""#88aadd"">作用目标：自己的宠物</FONT></P>",pic_skill_ty_02,,,,,,AddEff 2017,,,,
6418,灵兽破军印,1102,17,9,10,,,物理攻击+18%,"<P><FONT color=""#88aadd"">作用目标：自己的宠物</FONT></P>",pic_skill_ty_02,,,,,,AddEff 2018,,,,
6419,灵兽破军印,1102,17,10,10,,,物理攻击+20%,"<P><FONT color=""#88aadd"">作用目标：自己的宠物</FONT></P>",pic_skill_ty_02,,,,,,AddEff 2019,,,,
6420,灵兽往生印,1103,17,1,10,,,最大生命值+3%,"<P><FONT color=""#88aadd"">作用目标：自己的宠物</FONT></P>",pic_skill_ty_03,,,,,,AddEff 2020,,,,
6421,灵兽往生印,1103,17,2,10,,,最大生命值+6%,"<P><FONT color=""#88aadd"">作用目标：自己的宠物</FONT></P>",pic_skill_ty_03,,,,,,AddEff 2021,,,,
6422,灵兽往生印,1103,17,3,10,,,最大生命值+9%,"<P><FONT color=""#88aadd"">作用目标：自己的宠物</FONT></P>",pic_skill_ty_03,,,,,,AddEff 2022,,,,
6423,灵兽往生印,1103,17,4,10,,,最大生命值+12%,"<P><FONT color=""#88aadd"">作用目标：自己的宠物</FONT></P>",pic_skill_ty_03,,,,,,AddEff 2023,,,,
6424,灵兽往生印,1103,17,5,10,,,最大生命值+15%,"<P><FONT color=""#88aadd"">作用目标：自己的宠物</FONT></P>",pic_skill_ty_03,,,,,,AddEff 2024,,,,
6425,灵兽往生印,1103,17,6,10,,,最大生命值+18%,"<P><FONT color=""#88aadd"">作用目标：自己的宠物</FONT></P>",pic_skill_ty_03,,,,,,AddEff 2025,,,,
6426,灵兽往生印,1103,17,7,10,,,最大生命值+21%,"<P><FONT color=""#88aadd"">作用目标：自己的宠物</FONT></P>",pic_skill_ty_03,,,,,,AddEff 2026,,,,
6427,灵兽往生印,1103,17,8,10,,,最大生命值+24%,"<P><FONT color=""#88aadd"">作用目标：自己的宠物</FONT></P>",pic_skill_ty_03,,,,,,AddEff 2027,,,,
6428,灵兽往生印,1103,17,9,10,,,最大生命值+27%,"<P><FONT color=""#88aadd"">作用目标：自己的宠物</FONT></P>",pic_skill_ty_03,,,,,,AddEff 2028,,,,
6429,灵兽往生印,1103,17,10,10,,,最大生命值+30%,"<P><FONT color=""#88aadd"">作用目标：自己的宠物</FONT></P>",pic_skill_ty_03,,,,,,AddEff 2029,,,,
6440,灵兽御法印,1105,17,1,10,,,元素防御+5%,"<P><FONT color=""#88aadd"">作用目标：自己的宠物</FONT></P>",pic_skill_ty_05,,,,,,AddEff 2040,,,,
6441,灵兽御法印,1105,17,2,10,,,元素防御+10%,"<P><FONT color=""#88aadd"">作用目标：自己的宠物</FONT></P>",pic_skill_ty_05,,,,,,AddEff 2041,,,,
6442,灵兽御法印,1105,17,3,10,,,元素防御+15%,"<P><FONT color=""#88aadd"">作用目标：自己的宠物</FONT></P>",pic_skill_ty_05,,,,,,AddEff 2042,,,,
6443,灵兽御法印,1105,17,4,10,,,元素防御+20%,"<P><FONT color=""#88aadd"">作用目标：自己的宠物</FONT></P>",pic_skill_ty_05,,,,,,AddEff 2043,,,,
6444,灵兽御法印,1105,17,5,10,,,元素防御+25%,"<P><FONT color=""#88aadd"">作用目标：自己的宠物</FONT></P>",pic_skill_ty_05,,,,,,AddEff 2044,,,,
6445,灵兽御法印,1105,17,6,10,,,元素防御+30%,"<P><FONT color=""#88aadd"">作用目标：自己的宠物</FONT></P>",pic_skill_ty_05,,,,,,AddEff 2045,,,,
6446,灵兽御法印,1105,17,7,10,,,元素防御+35%,"<P><FONT color=""#88aadd"">作用目标：自己的宠物</FONT></P>",pic_skill_ty_05,,,,,,AddEff 2046,,,,
6447,灵兽御法印,1105,17,8,10,,,元素防御+40%,"<P><FONT color=""#88aadd"">作用目标：自己的宠物</FONT></P>",pic_skill_ty_05,,,,,,AddEff 2047,,,,
6448,灵兽御法印,1105,17,9,10,,,元素防御+45%,"<P><FONT color=""#88aadd"">作用目标：自己的宠物</FONT></P>",pic_skill_ty_05,,,,,,AddEff 2048,,,,
6449,灵兽御法印,1105,17,10,10,,,元素防御+50%,"<P><FONT color=""#88aadd"">作用目标：自己的宠物</FONT></P>",pic_skill_ty_05,,,,,,AddEff 2049,,,,
6450,灵兽破劫印,1106,17,1,10,,,元素攻击+2%,"<P><FONT color=""#88aadd"">作用目标：自己的宠物</FONT></P>",pic_skill_ty_06,,,,,,AddEff 2050,,,,
6451,灵兽破劫印,1106,17,2,10,,,元素攻击+4%,"<P><FONT color=""#88aadd"">作用目标：自己的宠物</FONT></P>",pic_skill_ty_06,,,,,,AddEff 2051,,,,
6452,灵兽破劫印,1106,17,3,10,,,元素攻击+6%,"<P><FONT color=""#88aadd"">作用目标：自己的宠物</FONT></P>",pic_skill_ty_06,,,,,,AddEff 2052,,,,
6453,灵兽破劫印,1106,17,4,10,,,元素攻击+8%,"<P><FONT color=""#88aadd"">作用目标：自己的宠物</FONT></P>",pic_skill_ty_06,,,,,,AddEff 2053,,,,
6454,灵兽破劫印,1106,17,5,10,,,元素攻击+10%,"<P><FONT color=""#88aadd"">作用目标：自己的宠物</FONT></P>",pic_skill_ty_06,,,,,,AddEff 2054,,,,
6455,灵兽破劫印,1106,17,6,10,,,元素攻击+12%,"<P><FONT color=""#88aadd"">作用目标：自己的宠物</FONT></P>",pic_skill_ty_06,,,,,,AddEff 2055,,,,
6456,灵兽破劫印,1106,17,7,10,,,元素攻击+14%,"<P><FONT color=""#88aadd"">作用目标：自己的宠物</FONT></P>",pic_skill_ty_06,,,,,,AddEff 2056,,,,
6457,灵兽破劫印,1106,17,8,10,,,元素攻击+16%,"<P><FONT color=""#88aadd"">作用目标：自己的宠物</FONT></P>",pic_skill_ty_06,,,,,,AddEff 2057,,,,
6458,灵兽破劫印,1106,17,9,10,,,元素攻击+18%,"<P><FONT color=""#88aadd"">作用目标：自己的宠物</FONT></P>",pic_skill_ty_06,,,,,,AddEff 2058,,,,
6459,灵兽破劫印,1106,17,10,10,,,元素攻击+20%,"<P><FONT color=""#88aadd"">作用目标：自己的宠物</FONT></P>",pic_skill_ty_06,,,,,,AddEff 2059,,,,
6460,灵兽灵觉印,1107,17,1,10,,,最大法力值+3%,"<P><FONT color=""#88aadd"">作用目标：自己的宠物</FONT></P>",pic_skill_ty_07,,,,,,AddEff 2060,,,,
6461,灵兽灵觉印,1107,17,2,10,,,最大法力值+6%,"<P><FONT color=""#88aadd"">作用目标：自己的宠物</FONT></P>",pic_skill_ty_07,,,,,,AddEff 2061,,,,
6462,灵兽灵觉印,1107,17,3,10,,,最大法力值+9%,"<P><FONT color=""#88aadd"">作用目标：自己的宠物</FONT></P>",pic_skill_ty_07,,,,,,AddEff 2062,,,,
6463,灵兽灵觉印,1107,17,4,10,,,最大法力值+12%,"<P><FONT color=""#88aadd"">作用目标：自己的宠物</FONT></P>",pic_skill_ty_07,,,,,,AddEff 2063,,,,
6464,灵兽灵觉印,1107,17,5,10,,,最大法力值+15%,"<P><FONT color=""#88aadd"">作用目标：自己的宠物</FONT></P>",pic_skill_ty_07,,,,,,AddEff 2064,,,,
6465,灵兽灵觉印,1107,17,6,10,,,最大法力值+18%,"<P><FONT color=""#88aadd"">作用目标：自己的宠物</FONT></P>",pic_skill_ty_07,,,,,,AddEff 2065,,,,
6466,灵兽灵觉印,1107,17,7,10,,,最大法力值+21%,"<P><FONT color=""#88aadd"">作用目标：自己的宠物</FONT></P>",pic_skill_ty_07,,,,,,AddEff 2066,,,,
6467,灵兽灵觉印,1107,17,8,10,,,最大法力值+24%,"<P><FONT color=""#88aadd"">作用目标：自己的宠物</FONT></P>",pic_skill_ty_07,,,,,,AddEff 2067,,,,
6468,灵兽灵觉印,1107,17,9,10,,,最大法力值+27%,"<P><FONT color=""#88aadd"">作用目标：自己的宠物</FONT></P>",pic_skill_ty_07,,,,,,AddEff 2068,,,,
6469,灵兽灵觉印,1107,17,10,10,,,最大法力值+30%,"<P><FONT color=""#88aadd"">作用目标：自己的宠物</FONT></P>",pic_skill_ty_07,,,,,,AddEff 2069,,,,
8001,初级蛮力,1001,21,1,1,,,物伤增加5%,"<P><FONT color=""#88aadd"">作用目标：自己的宠物</FONT></P>",pic_skill_petpassive_01c,,,,,DamageMaxR+0.05;DamageMinR+0.05,,,,,
8002,中级蛮力,1001,21,1,1,,,物伤增加10%,"<P><FONT color=""#88aadd"">作用目标：自己的宠物</FONT></P>",pic_skill_petpassive_01b,,,,,DamageMaxR+0.1;DamageMinR+0.1,,,,,
8003,高级蛮力,1001,21,1,1,,,物伤增加15%,"<P><FONT color=""#88aadd"">作用目标：自己的宠物</FONT></P>",pic_skill_petpassive_01a,,,,,DamageMaxR+0.15;DamageMinR+0.15,,,,,
8004,超级蛮力,1001,21,1,1,,,物伤增加20%,"<P><FONT color=""#88aadd"">作用目标：自己的宠物</FONT></P>",pic_skill_petpassive_01s,,,,,DamageMaxR+0.2;DamageMinR+0.2,,,,,
8005,初级铁壁,1002,21,1,1,,,物防增加5%,"<P><FONT color=""#88aadd"">作用目标：自己的宠物</FONT></P>",pic_skill_petpassive_02c,,,,,PhyArR+0.05,,,,,
8006,中级铁壁,1002,21,1,1,,,物防增加10%,"<P><FONT color=""#88aadd"">作用目标：自己的宠物</FONT></P>",pic_skill_petpassive_02b,,,,,PhyArR+0.1,,,,,
8007,高级铁壁,1002,21,1,1,,,物防增加15%,"<P><FONT color=""#88aadd"">作用目标：自己的宠物</FONT></P>",pic_skill_petpassive_02a,,,,,PhyArR+0.15,,,,,
8008,超级铁壁,1002,21,1,1,,,物防增加20%,"<P><FONT color=""#88aadd"">作用目标：自己的宠物</FONT></P>",pic_skill_petpassive_02s,,,,,PhyArR+0.2,,,,,
8009,初级强火,1003,21,1,1,,,火伤增加5%,"<P><FONT color=""#88aadd"">作用目标：自己的宠物</FONT></P>",pic_skill_petpassive_03c,,,,,FireDmR+0.05,,,,,
8010,中级强火,1003,21,1,1,,,火伤增加10%,"<P><FONT color=""#88aadd"">作用目标：自己的宠物</FONT></P>",pic_skill_petpassive_03b,,,,,FireDmR+0.1,,,,,
8011,高级强火,1003,21,1,1,,,火伤增加15%,"<P><FONT color=""#88aadd"">作用目标：自己的宠物</FONT></P>",pic_skill_petpassive_03a,,,,,FireDmR+0.15,,,,,
8012,超级强火,1003,21,1,1,,,火伤增加20%,"<P><FONT color=""#88aadd"">作用目标：自己的宠物</FONT></P>",pic_skill_petpassive_03s,,,,,FireDmR+0.2,,,,,
8013,初级强水,1004,21,1,1,,,水伤增加5%,"<P><FONT color=""#88aadd"">作用目标：自己的宠物</FONT></P>",pic_skill_petpassive_04c,,,,,WaterDmR+0.05,,,,,
8014,中级强水,1004,21,1,1,,,水伤增加10%,"<P><FONT color=""#88aadd"">作用目标：自己的宠物</FONT></P>",pic_skill_petpassive_04b,,,,,WaterDmR+0.1,,,,,
8015,高级强水,1004,21,1,1,,,水伤增加15%,"<P><FONT color=""#88aadd"">作用目标：自己的宠物</FONT></P>",pic_skill_petpassive_04a,,,,,WaterDmR+0.15,,,,,
8016,超级强水,1004,21,1,1,,,水伤增加20%,"<P><FONT color=""#88aadd"">作用目标：自己的宠物</FONT></P>",pic_skill_petpassive_04s,,,,,WaterDmR+0.2,,,,,
8017,初级强毒,1005,21,1,1,,,毒伤增加5%,"<P><FONT color=""#88aadd"">作用目标：自己的宠物</FONT></P>",pic_skill_petpassive_05c,,,,,PoisonDmR+0.05,,,,,
8018,中级强毒,1005,21,1,1,,,毒伤增加10%,"<P><FONT color=""#88aadd"">作用目标：自己的宠物</FONT></P>",pic_skill_petpassive_05b,,,,,PoisonDmR+0.1,,,,,
8019,高级强毒,1005,21,1,1,,,毒伤增加15%,"<P><FONT color=""#88aadd"">作用目标：自己的宠物</FONT></P>",pic_skill_petpassive_05a,,,,,PoisonDmR+0.15,,,,,
8020,超级强毒,1005,21,1,1,,,毒伤增加20%,"<P><FONT color=""#88aadd"">作用目标：自己的宠物</FONT></P>",pic_skill_petpassive_05s,,,,,PoisonDmR+0.2,,,,,
8021,初级御火,1006,21,1,1,,,火防增加5%,"<P><FONT color=""#88aadd"">作用目标：自己的宠物</FONT></P>",pic_skill_petpassive_06c,,,,,FireArR+0.05,,,,,
8022,中级御火,1006,21,1,1,,,火防增加10%,"<P><FONT color=""#88aadd"">作用目标：自己的宠物</FONT></P>",pic_skill_petpassive_06b,,,,,FireArR+0.1,,,,,
8023,高级御火,1006,21,1,1,,,火防增加15%,"<P><FONT color=""#88aadd"">作用目标：自己的宠物</FONT></P>",pic_skill_petpassive_06a,,,,,FireArR+0.15,,,,,
8024,超级御火,1006,21,1,1,,,火防增加20%,"<P><FONT color=""#88aadd"">作用目标：自己的宠物</FONT></P>",pic_skill_petpassive_06s,,,,,FireArR+0.2,,,,,
8025,初级御水,1007,21,1,1,,,水防增加5%,"<P><FONT color=""#88aadd"">作用目标：自己的宠物</FONT></P>",pic_skill_petpassive_07c,,,,,WaterArR+0.05,,,,,
8026,中级御水,1007,21,1,1,,,水防增加10%,"<P><FONT color=""#88aadd"">作用目标：自己的宠物</FONT></P>",pic_skill_petpassive_07b,,,,,WaterArR+0.1,,,,,
8027,高级御水,1007,21,1,1,,,水防增加15%,"<P><FONT color=""#88aadd"">作用目标：自己的宠物</FONT></P>",pic_skill_petpassive_07a,,,,,WaterArR+0.15,,,,,
8028,超级御水,1007,21,1,1,,,水防增加20%,"<P><FONT color=""#88aadd"">作用目标：自己的宠物</FONT></P>",pic_skill_petpassive_07s,,,,,WaterArR+0.2,,,,,
8029,初级御毒,1008,21,1,1,,,毒防增加5%,"<P><FONT color=""#88aadd"">作用目标：自己的宠物</FONT></P>",pic_skill_petpassive_08c,,,,,PoisonArR+0.05,,,,,
8030,中级御毒,1008,21,1,1,,,毒防增加10%,"<P><FONT color=""#88aadd"">作用目标：自己的宠物</FONT></P>",pic_skill_petpassive_08b,,,,,PoisonArR+0.1,,,,,
8031,高级御毒,1008,21,1,1,,,毒防增加15%,"<P><FONT color=""#88aadd"">作用目标：自己的宠物</FONT></P>",pic_skill_petpassive_08a,,,,,PoisonArR+0.15,,,,,
8032,超级御毒,1008,21,1,1,,,毒防增加20%,"<P><FONT color=""#88aadd"">作用目标：自己的宠物</FONT></P>",pic_skill_petpassive_08s,,,,,PoisonArR+0.2,,,,,
8033,初级偷袭,1009,21,1,1,,,"物伤增加5%,物防减少20%","<P><FONT color=""#88aadd"">作用目标：自己的宠物</FONT></P>",pic_skill_petpassive_09c,,,,,DamageMaxR+0.05;DamageMinR+0.05;PhyArR-0.2,,,,,
8034,中级偷袭,1009,21,1,1,,,"物伤增加10%,物防减少20%","<P><FONT color=""#88aadd"">作用目标：自己的宠物</FONT></P>",pic_skill_petpassive_09b,,,,,DamageMaxR+0.1;DamageMinR+0.1;PhyArR-0.2,,,,,
8035,高级偷袭,1009,21,1,1,,,"物伤增加15%,物防减少20%","<P><FONT color=""#88aadd"">作用目标：自己的宠物</FONT></P>",pic_skill_petpassive_09a,,,,,DamageMaxR+0.15;DamageMinR+0.15;PhyArR-0.2,,,,,
8036,超级偷袭,1009,21,1,1,,,"物伤增加15%,物防减少5%","<P><FONT color=""#88aadd"">作用目标：自己的宠物</FONT></P>",pic_skill_petpassive_09s,,,,,DamageMaxR+0.15;DamageMinR+0.15;PhyArR-0.05,,,,,
8037,初级盾墙,1010,21,1,1,,,"物伤减少15%,物防增加5%","<P><FONT color=""#88aadd"">作用目标：自己的宠物</FONT></P>",pic_skill_petpassive_10c,,,,,DamageMaxR-0.15;DamageMinR-0.15;PhyArR+0.05,,,,,
8038,中级盾墙,1010,21,1,1,,,"物伤减少15%,物防增加10%","<P><FONT color=""#88aadd"">作用目标：自己的宠物</FONT></P>",pic_skill_petpassive_10b,,,,,DamageMaxR-0.15;DamageMinR-0.15;PhyArR+0.1,,,,,
8039,高级盾墙,1010,21,1,1,,,"物伤减少15%,物防增加15%","<P><FONT color=""#88aadd"">作用目标：自己的宠物</FONT></P>",pic_skill_petpassive_10a,,,,,DamageMaxR-0.15;DamageMinR-0.15;PhyArR+0.15,,,,,
8040,超级盾墙,1010,21,1,1,,,"物伤减少5%,物防增加15%","<P><FONT color=""#88aadd"">作用目标：自己的宠物</FONT></P>",pic_skill_petpassive_10s,,,,,DamageMaxR-0.05;DamageMinR-0.05;PhyArR+0.05,,,,,
8041,初级慧心,1011,21,1,1,,,"火、水、毒伤增加5%,生命上限减少10%","<P><FONT color=""#88aadd"">作用目标：自己的宠物</FONT></P>",pic_skill_petpassive_11c,,,,,WaterArR+0.05;FireArR+0.05;PoisonArR+0.05;MaxHPR-0.1,,,,,
8042,中级慧心,1011,21,1,1,,,"火、水、毒伤增加10%,生命上限减少10%","<P><FONT color=""#88aadd"">作用目标：自己的宠物</FONT></P>",pic_skill_petpassive_11b,,,,,WaterArR+0.1;FireArR+0.1;PoisonArR+0.1;MaxHPR-0.1,,,,,
8043,高级慧心,1011,21,1,1,,,"火、水、毒伤增加15%,生命上限减少10%","<P><FONT color=""#88aadd"">作用目标：自己的宠物</FONT></P>",pic_skill_petpassive_11a,,,,,WaterArR+0.15;FireArR+0.15;PoisonArR+0.15;MaxHPR-0.1,,,,,
8044,超级慧心,1011,21,1,1,,,火、水、毒伤增加15%，生命上限减少5%,"<P><FONT color=""#88aadd"">作用目标：自己的宠物</FONT></P>",pic_skill_petpassive_11s,,,,,WaterArR+0.15;FireArR+0.15;PoisonArR+0.15;MaxHPR-0.05,,,,,
8045,初级憨厚,1012,21,1,1,,,"生命上限增加5%,火、水、毒伤减少10%","<P><FONT color=""#88aadd"">作用目标：自己的宠物</FONT></P>",pic_skill_petpassive_12c,,,,,WaterArR-0.1;FireArR-0.1;PoisonArR-0.1;MaxHPR+0.05,,,,,
8046,中级憨厚,1012,21,1,1,,,"生命上限增加10%,火、水、毒伤减少10%","<P><FONT color=""#88aadd"">作用目标：自己的宠物</FONT></P>",pic_skill_petpassive_12b,,,,,WaterArR-0.1;FireArR-0.1;PoisonArR-0.1;MaxHPR+0.10,,,,,
8047,高级憨厚,1012,21,1,1,,,"生命上限增加15%,火、水、毒伤减少10%","<P><FONT color=""#88aadd"">作用目标：自己的宠物</FONT></P>",pic_skill_petpassive_12a,,,,,WaterArR-0.1;FireArR-0.1;PoisonArR-0.1;MaxHPR+0.15,,,,,
8048,超级憨厚,1012,21,1,1,,,"生命上限增加15%,火、水、毒伤减少5%","<P><FONT color=""#88aadd"">作用目标：自己的宠物</FONT></P>",pic_skill_petpassive_12s,,,,,WaterArR-0.05;FireArR-0.05;PoisonArR-0.05;MaxHPR+0.15,,,,,
8049,初级会心,1013,21,1,1,,,普通攻击会心一击率增加5%,"<P><FONT color=""#88aadd"">作用目标：自己的宠物</FONT></P>",pic_skill_petpassive_13c,,,,,CriticalR+0.05,,,,,
8050,中级会心,1013,21,1,1,,,普通攻击会心一击率增加7%,"<P><FONT color=""#88aadd"">作用目标：自己的宠物</FONT></P>",pic_skill_petpassive_13b,,,,,CriticalR+0.07,,,,,
8051,高级会心,1013,21,1,1,,,普通攻击会心一击率增加10%,"<P><FONT color=""#88aadd"">作用目标：自己的宠物</FONT></P>",pic_skill_petpassive_13a,,,,,CriticalR+0.10,,,,,
8052,超级会心,1013,21,1,1,,,普通攻击会心一击率增加15%,"<P><FONT color=""#88aadd"">作用目标：自己的宠物</FONT></P>",pic_skill_petpassive_13s,,,,,CriticalR+0.15,,,,,
8053,初级暴烈,1014,21,1,1,,,技能暴烈一击率增加3%,"<P><FONT color=""#88aadd"">作用目标：自己的宠物</FONT></P>",pic_skill_petpassive_14c,,,,,SkillCriRate+3,,,,,
8054,中级暴烈,1014,21,1,1,,,技能暴烈一击率增加5%,"<P><FONT color=""#88aadd"">作用目标：自己的宠物</FONT></P>",pic_skill_petpassive_14b,,,,,SkillCriRate+5,,,,,
8055,高级暴烈,1014,21,1,1,,,技能暴烈一击率增加7%,"<P><FONT color=""#88aadd"">作用目标：自己的宠物</FONT></P>",pic_skill_petpassive_14a,,,,,SkillCriRate+7,,,,,
8056,超级暴烈,1014,21,1,1,,,技能暴烈一击率增加10%,"<P><FONT color=""#88aadd"">作用目标：自己的宠物</FONT></P>",pic_skill_petpassive_14s,,,,,SkillCriRate+10,,,,,
8057,初级幸运,1015,21,1,1,,,抵抗会心一击率增加5%,"<P><FONT color=""#88aadd"">作用目标：自己的宠物</FONT></P>",pic_skill_petpassive_15c,,,,,Resilience+3,,,,,
8058,中级幸运,1015,21,1,1,,,抵抗会心一击率增加7%,"<P><FONT color=""#88aadd"">作用目标：自己的宠物</FONT></P>",pic_skill_petpassive_15b,,,,,Resilience+5,,,,,
8059,高级幸运,1015,21,1,1,,,抵抗会心一击率增加10%,"<P><FONT color=""#88aadd"">作用目标：自己的宠物</FONT></P>",pic_skill_petpassive_15a,,,,,Resilience+7,,,,,
8060,超级幸运,1015,21,1,1,,,免疫会心一击,"<P><FONT color=""#88aadd"">作用目标：自己的宠物</FONT></P>",pic_skill_petpassive_15s,,,,,Resilience+100,,,,,
8061,初级仙福,1016,21,1,1,,,抵抗暴烈一击率增加3%,"<P><FONT color=""#88aadd"">作用目标：自己的宠物</FONT></P>",pic_skill_petpassive_16c,,,,,ResistZXC+5,,,,,
8062,中级仙福,1016,21,1,1,,,抵抗暴烈一击率增加5%,"<P><FONT color=""#88aadd"">作用目标：自己的宠物</FONT></P>",pic_skill_petpassive_16b,,,,,ResistZXC+7,,,,,
8063,高级仙福,1016,21,1,1,,,抵抗暴烈一击率增加7%,"<P><FONT color=""#88aadd"">作用目标：自己的宠物</FONT></P>",pic_skill_petpassive_16a,,,,,ResistZXC+10,,,,,
8064,超级仙福,1016,21,1,1,,,免疫暴烈一击,"<P><FONT color=""#88aadd"">作用目标：自己的宠物</FONT></P>",pic_skill_petpassive_16s,,,,,ResistZXC+100,,,,,
8065,初级坚定,1017,21,1,1,,,抵抗晕眩率3%,"<P><FONT color=""#88aadd"">作用目标：自己的宠物</FONT></P>",pic_skill_petpassive_17c,,,,,ResistSwim+3,,,,,
8066,中级坚定,1017,21,1,1,,,抵抗晕眩率5%,"<P><FONT color=""#88aadd"">作用目标：自己的宠物</FONT></P>",pic_skill_petpassive_17b,,,,,ResistSwim+5,,,,,
8067,高级坚定,1017,21,1,1,,,抵抗晕眩率7%,"<P><FONT color=""#88aadd"">作用目标：自己的宠物</FONT></P>",pic_skill_petpassive_17a,,,,,ResistSwim+7,,,,,
8068,超级坚定,1017,21,1,1,,,免疫晕眩,"<P><FONT color=""#88aadd"">作用目标：自己的宠物</FONT></P>",pic_skill_petpassive_17s,,,,,ResistSwim+100,,,,,
8069,初级狂热,1018,21,1,1,,,抵抗迟钝5%,"<P><FONT color=""#88aadd"">作用目标：自己的宠物</FONT></P>",pic_skill_petpassive_18c,,,,,ResistInertia+5,,,,,
8070,中级狂热,1018,21,1,1,,,抵抗迟钝10%,"<P><FONT color=""#88aadd"">作用目标：自己的宠物</FONT></P>",pic_skill_petpassive_18b,,,,,ResistInertia+10,,,,,
8071,高级狂热,1018,21,1,1,,,抵抗迟钝15%,"<P><FONT color=""#88aadd"">作用目标：自己的宠物</FONT></P>",pic_skill_petpassive_18a,,,,,ResistInertia+15,,,,,
8072,超级狂热,1018,21,1,1,,,免疫迟钝,"<P><FONT color=""#88aadd"">作用目标：自己的宠物</FONT></P>",pic_skill_petpassive_18s,,,,,ResistInertia+100,,,,,
8073,初级清灵,1019,21,1,1,,,抵抗昏睡3%,"<P><FONT color=""#88aadd"">作用目标：自己的宠物</FONT></P>",pic_skill_petpassive_19c,,,,,ResistTrance+3,,,,,
8074,中级清灵,1019,21,1,1,,,抵抗昏睡5%,"<P><FONT color=""#88aadd"">作用目标：自己的宠物</FONT></P>",pic_skill_petpassive_19b,,,,,ResistTrance+5,,,,,
8075,高级清灵,1019,21,1,1,,,抵抗昏睡7%,"<P><FONT color=""#88aadd"">作用目标：自己的宠物</FONT></P>",pic_skill_petpassive_19a,,,,,ResistTrance+7,,,,,
8076,超级清灵,1019,21,1,1,,,免疫昏睡,"<P><FONT color=""#88aadd"">作用目标：自己的宠物</FONT></P>",pic_skill_petpassive_19s,,,,,ResistTrance+100,,,,,
8077,初级圣体,1020,21,1,1,,,抵抗流血5%,"<P><FONT color=""#88aadd"">作用目标：自己的宠物</FONT></P>",pic_skill_petpassive_20c,,,,,ResistBleed+5,,,,,
8078,中级圣体,1020,21,1,1,,,抵抗流血10%,"<P><FONT color=""#88aadd"">作用目标：自己的宠物</FONT></P>",pic_skill_petpassive_20b,,,,,ResistBleed+10,,,,,
8079,高级圣体,1020,21,1,1,,,抵抗流血15%,"<P><FONT color=""#88aadd"">作用目标：自己的宠物</FONT></P>",pic_skill_petpassive_20a,,,,,ResistBleed+15,,,,,
8080,超级圣体,1020,21,1,1,,,免疫流血,"<P><FONT color=""#88aadd"">作用目标：自己的宠物</FONT></P>",pic_skill_petpassive_20s,,,,,ResistBleed+100,,,,,
8081,初级自疗,1021,21,1,1,,,生命恢复+2/秒,"<P><FONT color=""#88aadd"">作用目标：自己的宠物</FONT></P>",pic_skill_petpassive_21c,,,,,SkillhpRecover+2,,,,,
8082,中级自疗,1021,21,1,1,,,生命恢复+4/秒,"<P><FONT color=""#88aadd"">作用目标：自己的宠物</FONT></P>",pic_skill_petpassive_21b,,,,,SkillhpRecover+4,,,,,
8083,高级自疗,1021,21,1,1,,,生命恢复+6/秒,"<P><FONT color=""#88aadd"">作用目标：自己的宠物</FONT></P>",pic_skill_petpassive_21a,,,,,SkillhpRecover+6,,,,,
8084,超级自疗,1021,21,1,1,,,生命恢复+6/秒，死亡后再出战生命自动恢复到20%,"<P><FONT color=""#88aadd"">作用目标：自己的宠物</FONT></P>",pic_skill_petpassive_21s,,,,,SkillhpRecover+6,,,,,
8085,初级静坐,1022,21,1,1,,,法力恢复+3/秒,"<P><FONT color=""#88aadd"">作用目标：自己的宠物</FONT></P>",pic_skill_petpassive_22c,,,,,SkillmpRecover+3,,,,,
8086,中级静坐,1022,21,1,1,,,法力恢复+6/秒,"<P><FONT color=""#88aadd"">作用目标：自己的宠物</FONT></P>",pic_skill_petpassive_22b,,,,,SkillmpRecover+6,,,,,
8087,高级静坐,1022,21,1,1,,,法力恢复+9/秒,"<P><FONT color=""#88aadd"">作用目标：自己的宠物</FONT></P>",pic_skill_petpassive_22a,,,,,SkillmpRecover+9,,,,,
8088,超级静坐,1022,21,1,1,,,法力恢复+9/秒，死亡后再出战法力自动恢复到20%,"<P><FONT color=""#88aadd"">作用目标：自己的宠物</FONT></P>",pic_skill_petpassive_22s,,,,,SkillmpRecover+9,,,,,
8089,初级技巧,1023,21,1,1,,,闪避增加10%,"<P><FONT color=""#88aadd"">作用目标：自己的宠物</FONT></P>",pic_skill_petpassive_23c,,,,,DodgeR+0.10,,,,,
8090,中级技巧,1023,21,1,1,,,闪避增加15%,"<P><FONT color=""#88aadd"">作用目标：自己的宠物</FONT></P>",pic_skill_petpassive_23b,,,,,DodgeR+0.15,,,,,
8091,高级技巧,1023,21,1,1,,,闪避增加20%,"<P><FONT color=""#88aadd"">作用目标：自己的宠物</FONT></P>",pic_skill_petpassive_23a,,,,,DodgeR+0.20,,,,,
8092,超级技巧,1023,21,1,1,,,闪避增加30%,"<P><FONT color=""#88aadd"">作用目标：自己的宠物</FONT></P>",pic_skill_petpassive_23s,,,,,DodgeR+0.30,,,,,
8093,初级鹰眼,1024,21,1,1,,,命中增加10%,"<P><FONT color=""#88aadd"">作用目标：自己的宠物</FONT></P>",pic_skill_petpassive_24c,,,,,AttackRateR+0.10,,,,,
8094,中级鹰眼,1024,21,1,1,,,命中增加15%,"<P><FONT color=""#88aadd"">作用目标：自己的宠物</FONT></P>",pic_skill_petpassive_24b,,,,,AttackRateR+0.15,,,,,
8095,高级鹰眼,1024,21,1,1,,,命中增加20%,"<P><FONT color=""#88aadd"">作用目标：自己的宠物</FONT></P>",pic_skill_petpassive_24a,,,,,AttackRateR+0.20,,,,,
8096,超级鹰眼,1024,21,1,1,,,命中增加30%,"<P><FONT color=""#88aadd"">作用目标：自己的宠物</FONT></P>",pic_skill_petpassive_24s,,,,,AttackRateR+0.30,,,,,
8097,初级强壮,1025,21,1,1,,,生命上限增加5%,"<P><FONT color=""#88aadd"">作用目标：自己的宠物</FONT></P>",pic_skill_petpassive_25c,,,,,MaxHPR+0.05,,,,,
8098,中级强壮,1025,21,1,1,,,生命上限增加7%,"<P><FONT color=""#88aadd"">作用目标：自己的宠物</FONT></P>",pic_skill_petpassive_25b,,,,,MaxHPR+0.07,,,,,
8099,高级强壮,1025,21,1,1,,,生命上限增加10%,"<P><FONT color=""#88aadd"">作用目标：自己的宠物</FONT></P>",pic_skill_petpassive_25a,,,,,MaxHPR+0.10,,,,,
8100,超级强壮,1025,21,1,1,,,生命上限增加15%,"<P><FONT color=""#88aadd"">作用目标：自己的宠物</FONT></P>",pic_skill_petpassive_25s,,,,,MaxHPR+0.15,,,,,
8101,初级灵智,1026,21,1,1,,,法力上限增加5%,"<P><FONT color=""#88aadd"">作用目标：自己的宠物</FONT></P>",pic_skill_petpassive_26c,,,,,MaxMPR+0.05,,,,,
8102,中级灵智,1026,21,1,1,,,法力上限增加7%,"<P><FONT color=""#88aadd"">作用目标：自己的宠物</FONT></P>",pic_skill_petpassive_26b,,,,,MaxMPR+0.07,,,,,
8103,高级灵智,1026,21,1,1,,,法力上限增加10%,"<P><FONT color=""#88aadd"">作用目标：自己的宠物</FONT></P>",pic_skill_petpassive_26a,,,,,MaxMPR+0.10,,,,,
8104,超级灵智,1026,21,1,1,,,法力上限增加15%,"<P><FONT color=""#88aadd"">作用目标：自己的宠物</FONT></P>",pic_skill_petpassive_26s,,,,,MaxMPR+0.15,,,,,
8105,初级虚弱,1027,21,1,1,,,物防降低15%,"<P><FONT color=""#88aadd"">作用目标：自己的宠物</FONT></P>",pic_skill_petpassive_27c,,,,,PhyArR-0.15,,,,,
8106,中级虚弱,1027,21,1,1,,,物防降低10%,"<P><FONT color=""#88aadd"">作用目标：自己的宠物</FONT></P>",pic_skill_petpassive_27b,,,,,PhyArR-0.10,,,,,
8107,高级虚弱,1027,21,1,1,,,物防降低5%,"<P><FONT color=""#88aadd"">作用目标：自己的宠物</FONT></P>",pic_skill_petpassive_27a,,,,,PhyArR-0.05,,,,,
8108,超级虚弱,1027,21,1,1,,,物防降低5%，免疫晕眩,"<P><FONT color=""#88aadd"">作用目标：自己的宠物</FONT></P>",pic_skill_petpassive_27s,,,,,PhyArR-0.05;,,,,,
8109,初级弱火,1028,21,1,1,,,火防降低15%,"<P><FONT color=""#88aadd"">作用目标：自己的宠物</FONT></P>",pic_skill_petpassive_28c,,,,,FireArR-0.15,,,,,
8110,中级弱火,1028,21,1,1,,,火防降低10%,"<P><FONT color=""#88aadd"">作用目标：自己的宠物</FONT></P>",pic_skill_petpassive_28b,,,,,FireArR-0.10,,,,,
8111,高级弱火,1028,21,1,1,,,火防降低5%,"<P><FONT color=""#88aadd"">作用目标：自己的宠物</FONT></P>",pic_skill_petpassive_28a,,,,,FireArR-0.05,,,,,
8112,超级弱火,1028,21,1,1,,,火防降低5%，免疫暴击,"<P><FONT color=""#88aadd"">作用目标：自己的宠物</FONT></P>",pic_skill_petpassive_28s,,,,,FireArR-0.05,,,,,
8113,初级弱水,1029,21,1,1,,,水防降低15%,"<P><FONT color=""#88aadd"">作用目标：自己的宠物</FONT></P>",pic_skill_petpassive_29c,,,,,WaterArR-0.15,,,,,
8114,中级弱水,1029,21,1,1,,,水防降低10%,"<P><FONT color=""#88aadd"">作用目标：自己的宠物</FONT></P>",pic_skill_petpassive_29b,,,,,WaterArR-0.10,,,,,
8115,高级弱水,1029,21,1,1,,,水防降低5%,"<P><FONT color=""#88aadd"">作用目标：自己的宠物</FONT></P>",pic_skill_petpassive_29a,,,,,WaterArR-0.05,,,,,
8116,超级弱水,1029,21,1,1,,,水防降低5%，免疫迟钝,"<P><FONT color=""#88aadd"">作用目标：自己的宠物</FONT></P>",pic_skill_petpassive_29s,,,,,WaterArR-0.05,,,,,
8117,初级弱毒,1030,21,1,1,,,毒防降低15%,"<P><FONT color=""#88aadd"">作用目标：自己的宠物</FONT></P>",pic_skill_petpassive_30c,,,,,PoisonArR-0.15,,,,,
8118,中级弱毒,1030,21,1,1,,,毒防降低10%,"<P><FONT color=""#88aadd"">作用目标：自己的宠物</FONT></P>",pic_skill_petpassive_30b,,,,,PoisonArR-0.10,,,,,
8119,高级弱毒,1030,21,1,1,,,毒防降低5%,"<P><FONT color=""#88aadd"">作用目标：自己的宠物</FONT></P>",pic_skill_petpassive_30a,,,,,PoisonArR-0.05,,,,,
8120,超级弱毒,1030,21,1,1,,,毒防降低5%，免疫流血,"<P><FONT color=""#88aadd"">作用目标：自己的宠物</FONT></P>",pic_skill_petpassive_30s,,,,,PoisonArR-0.05,,,,,
8200,铜臭,1031,21,1,1,,,周围所有敌人受毒伤害,"<P><FONT color=""#88aadd"">作用目标：自己的宠物</FONT></P>",pic_skill_petpassive_30c,,,,,PoisonArR-0.15,,,,,
